fid,name,analysis (citation from source),pg,notas
"1",Açumar,"Açumar. Vila do c. de Monforte. Êste nome significa em árabe « o junco », « lugar onde há junco », « junqueira », como Alfeizirão e Adiça. É o junco usado no fabrico das esteiras. É Santa Maria do Açumar em Fernão Lopes. A escrita Assumar é incorrecta.","257",
"2",Adiça,"Adiça. Nome de uma mina de ouro no c. de Almada, na Fonte da Telha, em exploração desde D. Sancho I até D. João III. Nome também de um lugar do c. de Moura, hoje mais conhecido por Sobral ou Aldeia do Sobral; e ainda da serra assim chamada do dito lugar. É vocábulo árabe, addiça, nome de certa espécie de «junco», comestível para os cavalos e utilizável para cordoaria: é a gramínea «ampelodesmos tenax», vulgaríssima em todo o norte de África.

Num documento de 1310 êste nome tem a forma Aldiça: «Carta a favor de... que tinha a villa de Almada em razão do abuso que faziam do seu privilegio em prejuizo daquella villa os da Aldiça». Esta palavra existe também em castelhano como nome comum, aldiza. Nos dois casos o l não é etimológico, mas intercalado por analogia com o vocábulo aldeia, segundo parece.","257",
"3",Adiça,"Adiça. Nome de uma mina de ouro no c. de Almada, na Fonteda Telha, em exploração desde D. Sancho I até D. João III. Nome também de um lugar do c. de Moura, hoje mais conhecido por Sobral ou Aldeia do Sobral; e ainda da serra assim chamada do dito lugar. É vocábulo árabe, addiça, nome de certa espécie de «junco», comestível para os cavalos e utilizável para cordoaria: é a gramínea «ampelodesmos tenax», vulgaríssima em todo o norte de África.

Num documento de 1310 este nome tem a forma Aldiça: «Carta a favor de... que tinha a villa de Almada em razão do abuso que faziam do seu privilegio em prejuizo daquella villa os
da Aldiça». Esta palavra existe também em castelhano como nome comum, aldiza. Nos dois casos o l não é etimológico, mas intercalado por analogia com o vocábulo aldeia, segundo parece.","257",
"5",Adiça,"Adiça. Nome de uma mina de ouro no c. de Almada, na Fonteda Telha, em exploração desde D. Sancho I até D. João III. Nome também de um lugar do c. de Moura, hoje mais conhecido por Sobral ou Aldeia do Sobral; e ainda da serra assim chamada do dito lugar. É vocábulo árabe, addiça, nome de certa espécie de «junco», comestível para os cavalos e utilizável para cordoaria: é a gramínea «ampelodesmos tenax», vulgaríssima em todo o norte de África.

Num documento de 1310 este nome tem a forma Aldiça: «Carta a favor de... que tinha a villa de Almada em razão do abuso que faziam do seu privilegio em prejuizo daquella villa os
da Aldiça». Esta palavra existe também em castelhano como nome comum, aldiza. Nos dois casos o l não é etimológico, mas intercalado por analogia com o vocábulo aldeia, segundo parece.","257",
"6",Alafões (?),"Alafões. Já estudei êste nome, mas volto a êle para completar a explicação que dei. É realmente o dual árabe Alahauãn(e), «os dois irmãos», nome de dois castelos fronteiros, perto de Viseu. Outras designações geográficas da mesma natureza: na margem direita do Reno há dois castelos Liebenstein e Sternberg, perto de Caub, a que chamam Die Brüder; na província de Sevilha há também uma povoação com o nome de Dos Hermanos, como junto de Tremecém (Argélia) havia uma fonte e um monte chamado Açahrahãn(e), «os dois penedos».
Formas antigas: Alahobeines, Alahoen, Alahouen, Alahoein, Alafoeis, etc.
De Alahauãn(e) formou-se regularmente o singular Alafom (e Alafão), com a passagem de h para f e -uãn para -om, segundo uma lei fonética que hei de dar oportunamente (como od- de uad, em Odeleite, Odemira, etc.) O a que precede -om deve ter sido absorvido no o. O nome Alafom deve ter sido dado a cada um dos castelos separadamente, e aos dois conjuntamente deve ter-se aplicado o plural, isto é, Alafões.","258",No artigo não é mencionado local específico.
"7",Albarrol,"Almourol. Nome de uma ilha do Tejo, defronte de Tancos. É, segundo me parece, o vocábulo comum latino moru, «amoreira», com o sufixo deminutivo -ola, o qual deu morió, como: vineola Vinhó, ecclesiola Grijó, lineola Linhó, etc.; e com o artigo árabe almorió. Almorió foi tratado como os nomes árabes acabados em -á, -é e í: arsenal, alvanel, ceitil, em que o l é acrescentado, e recebeu também l final. Não conheço nomes árabes nas mesmas condições, por não haver vocábulos assim terminados que passassem para português; mas em espanhol há alcabor, de alcabô. Arabizado existe, todavia, um, segundo creio: é Albarrol, nome de lugar, nos c. de Miranda do Corvo, Gavião e Niza, de Barró, também nome de lugar do c. de Resende, que é deminutivo, como o nome que estou estudando.
De Almoriol veiu facilmente Almeirol de um documento de 1169 e Almoyrol de um outro do século xv. Na inscrição gravada sobre a porta da cerca interior do castelo de Almourol, de 1171, le-se Almoirel ou Almourel, mas a cópia existente no convento de Cristo, de Tomar, tem Almoriol. A explicação de Esteves Pereira é inadmissível, por não ser possível a aglutinação do artigo árabe al- a um nome de lugar pre-islâmico.
Se a minha explicação é boa, Almourol quere dizer (ilha da) «Amoreirinha».
Ao sufixo -ola, feminino, contrapõe-se o masculino -olu, que mais facilmente daria Almourol, mas morus é fem.
Um documento de 1283 em latim diz: «... de Sena usque Muriellam». Se se trata, efectivamente, do nome que estou estudando, este é uma variante com o sufixo fem. também e deminutivo -ella.
","262",
"8",Albarrol,"Almourol. Nome de uma ilha do Tejo, defronte de Tancos. É, segundo me parece, o vocábulo comum latino moru, «amoreira», com o sufixo deminutivo -ola, o qual deu morió, como: vineola Vinhó, ecclesiola Grijó, lineola Linhó, etc.; e com o artigo árabe almorió. Almorió foi tratado como os nomes árabes acabados em -á, -é e í: arsenal, alvanel, ceitil, em que o l é acrescentado, e recebeu também l final. Não conheço nomes árabes nas mesmas condições, por não haver vocábulos assim terminados que passassem para português; mas em espanhol há alcabor, de alcabô. Arabizado existe, todavia, um, segundo creio: é Albarrol, nome de lugar, nos c. de Miranda do Corvo, Gavião e Niza, de Barró, também nome de lugar do c. de Resende, que é deminutivo, como o nome que estou estudando.
De Almoriol veiu facilmente Almeirol de um documento de 1169 e Almoyrol de um outro do século xv. Na inscrição gravada sobre a porta da cerca interior do castelo de Almourol, de 1171, le-se Almoirel ou Almourel, mas a cópia existente no convento de Cristo, de Tomar, tem Almoriol. A explicação de Esteves Pereira é inadmissível, por não ser possível a aglutinação do artigo árabe al- a um nome de lugar pre-islâmico.
Se a minha explicação é boa, Almourol quere dizer (ilha da) «Amoreirinha».
Ao sufixo -ola, feminino, contrapõe-se o masculino -olu, que mais facilmente daria Almourol, mas morus é fem.
Um documento de 1283 em latim diz: «... de Sena usque Muriellam». Se se trata, efectivamente, do nome que estou estudando, este é uma variante com o sufixo fem. também e deminutivo -ella.
","262",Não localizei nenhuma Albarrol em Gavião mas existe uma em Ansião. Será engano?
"9",Albarrol,"Almourol. Nome de uma ilha do Tejo, defronte de Tancos. É, segundo me parece, o vocábulo comum latino moru, «amoreira», com o sufixo deminutivo -ola, o qual deu morió, como: vineola Vinhó, ecclesiola Grijó, lineola Linhó, etc.; e com o artigo árabe almorió. Almorió foi tratado como os nomes árabes acabados em -á, -é e í: arsenal, alvanel, ceitil, em que o l é acrescentado, e recebeu também l final. Não conheço nomes árabes nas mesmas condições, por não haver vocábulos assim terminados que passassem para português; mas em espanhol há alcabor, de alcabô. Arabizado existe, todavia, um, segundo creio: é Albarrol, nome de lugar, nos c. de Miranda do Corvo, Gavião e Niza, de Barró, também nome de lugar do c. de Resende, que é deminutivo, como o nome que estou estudando.
De Almoriol veiu facilmente Almeirol de um documento de 1169 e Almoyrol de um outro do século xv. Na inscrição gravada sobre a porta da cerca interior do castelo de Almourol, de 1171, le-se Almoirel ou Almourel, mas a cópia existente no convento de Cristo, de Tomar, tem Almoriol. A explicação de Esteves Pereira é inadmissível, por não ser possível a aglutinação do artigo árabe al- a um nome de lugar pre-islâmico.
Se a minha explicação é boa, Almourol quere dizer (ilha da) «Amoreirinha».
Ao sufixo -ola, feminino, contrapõe-se o masculino -olu, que mais facilmente daria Almourol, mas morus é fem.
Um documento de 1283 em latim diz: «... de Sena usque Muriellam». Se se trata, efectivamente, do nome que estou estudando, este é uma variante com o sufixo fem. também e deminutivo -ella.
","262",
"10",Alcáçovas,"Alcáçovas. Do árabe alcaçba, pronúncia vulgar do clássico alcáçaba, que está no vocabulário comum com a significação de «cidadela», e significa também, como aqui, «cana». O s é acrescentado como em Algeciras, em Espanha.
É vila do distrito de Évora. Cf. Canas de Senhorim.","258",
"11",Alcochete,"Alcochete. Plural árabe alcoxete: o s. é alcoxa, «forno». Vila do Ribatejo. Ainda hoje ali há fornos de cal. Cf. Fornos de Algodres.","258",
"12",Alfafar,"Alfafar. Nome de povoação do c. de Penela. O foral de Germanelo fala de uma «fonte de Alfafar». Do árabe alfahãr, nome de ofício, «oleiro». Com mudança de h em f, como é de regra. Existe em espanhol na forma actual alfahar. Na nossa toponímia é muito frequente o nome Oleiro.","258",
"13",Alfeite (?),"Alfeite. Segundo creio, é o vocábulo latino filictu, forma portuguesa antiga feeito, hoje feto: nome de planta, comum, e por isso recebeu o artigo árabe. Há muitos exemplos destas formações na toponímia e na língua comum: Almostér, Alporão, etc. Perdeu o o final porque tal terminação não existe em árabe. Normalmente os vocábulos árabes terminam em consoante, à qual as línguas peninsulares juntam ora e, ora a ou o, conforme o nome é feminino ou masculino, ou se a consoante é n converte-se em ressonância nasal. Assim, os Árabes peninsulares chamavam ao lobo lub (lup) e êste termo conservou-se em Guadalupe, «rio do lobo», povoação da província de Cáceres, Espanha. Outros exemplos: Rudericu é em árabe Luderic, Mondecu é Mondec, etc. Edricí tinha um modo particular de representar êste o nos nomes peninsulares.",258-259,No artigo não é mencionado local específico.
"14",Alfeizirão,"Alfeizirão. Povoação do c. de Alcobaça. É o nome árabe alfezeran(e) por alfezuran(e), forma clássica, que significa «a cana», ou lugar onde ela abunda. Os ee ditongaram-se em ei e -ãn(e) deu -ão, segundo a regra. A gente do lugar chama-lhe, de facto, Alfeizeirão («pão de ló de Alfeizeirão»), mas o ei da sílaba zei deve condensar-se em i, como sucedeu com Leiria e Iria. Ver Trafaria.
Assim se chamava a mãe do califa abácida, Harune Arraxide. As mulheres muçulmanas tomam muitas vezes nomes de plantas, de flores, de pedras preciosas, etc.","259",
"15",Algez,"Algez. Assim se deve escrever êste nome de localidade do c. de Oeiras e arrabalde de Lisboa. «Reguengo de Alguez», diz um documento de 1305, mas «Reguengo de Algez» num de 1318 e noutro de 1545 e em muitos outros.
Do árabe algeç, «gipso, pedra de gesso», que é o latim gypsu, o qual parece ser o étimo do vocábulo árabe citado. Em castelhano é nome comum com esta mesma forma e significação. Junto de Fez havia uma pedreira dessas, de algeç.","259",
"16",Algodor,"Algodor. Do plural árabe algódor (s. gadir), com deslocação de acento, natural em nomes acabados em -or: sinónimo de alverca que também está na topomínia portuguesa. Nome de lugar em Portugal (c. de Mértola) e em Espanha (estação do caminho de ferro Badajoz-Madrid, onde começa o ramal de Toledo).",259-260,
"18",Algodres,"Algodres (Fornos de). É, talvez, este mesmo vocábulo [nota: refere-se a algodor que antecede na lista] sem deslocação de acento e com acrescentamento de s de pl. português.","260",
"19",Algueirão,"Algueirão. Povoação do c. de Sintra. É o plural árabe alg(u)erãn(e), do singular algar, «cova, gruta, barranco». Na forma do s. é nome comum e da topomínia em Portugal. Esta deu nome ao cabo do sul da Andaluzia, Trafalgar, isto é, «ponta do algar». Na forma portuguesa do pl. o e ditongou-se como em Alqueidão, Azeitão, etc. A desinência -ãn(e) dá -ão normalmente. É nome de lugar na Tripolitania.
[existem outras localidades com mesma designação que foram adicionadas]","260",
"20",Almacave,"Almacave. Nome de freguesia da cidade de Lamego. Do árabe almacãber, que significa «cemitério» e deu na linguagem comum almocáver e almocóvar. Em Almeria os cemitérios ainda hoje se chamam macabes. Como é sabido, os Mouros e os Judeus tinham os seus cemitérios fora das povoações.","260",
"21",Almafala,"Almafala. Era o nome antigo do que hoje se chama «a Graça», em Lisboa. Dizem-no João de Sousa e Moura, mas sem citar fonte, e Herculano. Êste nome e a sua variante Almofala são vulgares na toponímia do nosso país, mas hoje só na forma última. A uma herdade de «Almafala» se refere um documento de 1221; mas já aparece esta forma num diploma de 907. No Egipto havia uma povoação deste nome.
Do árabe almahalla, com passagem de h para f, segundo a regra: significa «arraial» (ou «acampamento ») e também «aldeia»; e é talvez esta a significação que convém a êste nome. No Cantar de Mio Cid e em Leges a forma mais frequente é Almofala, no primeiro sentido. Em Marrocos designa o bairro dos Judeus, erradamente transcrito mellah. É também frequente nos nossos jornais na forma mehalla, no primeiro sentido.",260-261,
"22",Almagrebe (?),"Almagrebe. É uma praia do c. de Aljezur: significa «o ocidente» e é sinónimo de «Algarve». Na sua aplicação particular, designa «Marrocos»; e na sua acepção, geral todo o norte de África, a ocidente do Egipto.","261",Não foi possível localizar.
"23",Almaraz,"Almaraz. Nome de uma quinta em Almada, ao lado do forte. É o adjectivo árabe almoarrax (subentendido o substantivo alcarme, «vinha») «trepadeira», isto é, pois, «parreira». Êste passo do viajante Ibne Batuta prova-o bem: «Entre a porta da igreja e a dêste recinto há um caramanchão (moarrax) de madeira, muito alto e coberto de videiras».
O nome da cidade de Larache (Marrocos) tem a mesma significação e origem, como os tem também o voc. espanhol alarixes.
Na forma portuguesa oa condensou-se em a, os rr passaram a singelo e o x a z, com deslocação do acento para a última sílaba, por virtude desta alteração terminal.","261",
"24",Almargem,"Almargem. Do árabe almarg(e). Já o demos no nosso primeiro estudo sôbre esta matéria, com a significação de «prado». Tem, de facto, esta significação geral, e «Prado» é nome da toponímia portuguesa; mas creio que lhe convém melhor esta outra «paúl» que também tem, como se pode ver em Dozy.","261",Não refere localização específica. 
"25",Almargem,"Almargem. Do árabe almarg(e). Já o demos no nosso primeiro estudo sôbre esta matéria, com a significação de «prado». Tem, de facto, esta significação geral, e «Prado» é nome da toponímia portuguesa; mas creio que lhe convém melhor esta outra «paúl» que também tem, como se pode ver em Dozy.","261",Não refere localização específica. 
"26",Almargem,"Almargem. Do árabe almarg(e). Já o demos no nosso primeiro estudo sôbre esta matéria, com a significação de «prado». Tem, de facto, esta significação geral, e «Prado» é nome da toponímia portuguesa; mas creio que lhe convém melhor esta outra «paúl» que também tem, como se pode ver em Dozy.","261",Não refere localização específica. 
"27",Almargem,"Almargem. Do árabe almarg(e). Já o demos no nosso primeiro estudo sôbre esta matéria, com a significação de «prado». Tem, de facto, esta significação geral, e «Prado» é nome da toponímia portuguesa; mas creio que lhe convém melhor esta outra «paúl» que também tem, como se pode ver em Dozy.","261",Não refere localização específica. 
"28",Almargem,"Almargem. Do árabe almarg(e). Já o demos no nosso primeiro estudo sôbre esta matéria, com a significação de «prado». Tem, de facto, esta significação geral, e «Prado» é nome da toponímia portuguesa; mas creio que lhe convém melhor esta outra «paúl» que também tem, como se pode ver em Dozy.","261",Não refere localização específica. 
"29",Almegue,"Almegue. Segundo parece, do árabe almeqt(e), nome que significa «lugar onde se atravessa um rio, vau, pôrto», sinónimo do termo hoje corrente almaxra: com perda do t final e abrandamento do q.
Pôrto (isto é, lugar de passagem) no Mondego, no caminho de Coimbra para Bemcauta. Na Eufrosina, p. 94 da ed. da Academia, há êste passo: «Ajuntaivos ambas no estendedouro contra o pego do almegue». Houve outro Almegue, chamado de Guterre, no rio Zézere, A êle se referem os forais de Figueiró de 1214 e de Pedrógão de 1206: «Et quomodo uadit caril intro in almaegue
de guterri» e «Et inde per carril quomodo uertit aquam ad almaegue de goteri».","261",
"30",Almegue,"Almegue. Segundo parece, do árabe almeqt(e), nome que significa «lugar onde se atravessa um rio, vau, pôrto», sinónimo do termo hoje corrente almaxra: com perda do t final e abrandamento do q.
Pôrto (isto é, lugar de passagem) no Mondego, no caminho de Coimbra para Bemcauta. Na Eufrosina, p. 94 da ed. da Academia, há êste passo: «Ajuntaivos ambas no estendedouro contra o pego do almegue». Houve outro Almegue, chamado de Guterre, no rio Zézere, A êle se referem os forais de Figueiró de 1214 e de Pedrógão de 1206: «Et quomodo uadit caril intro in almaegue
de guterri» e «Et inde per carril quomodo uertit aquam ad almaegue de goteri».","261",
"31",Almofala,"Almafala. Era o nome antigo do que hoje se chama «a Graça», em Lisboa. Dizem-no João de Sousa e Moura, mas sem citar fonte, e Herculano. Este nome e a sua variante Almofala são vulgares na toponímia do nosso país, mas hoje só na forma última. A uma herdade de «Almafala» se refere um documento de 1221; mas já aparece esta forma num diploma de 907. No Egipto havia uma povoação deste nome.
Do árabe almahalla, com passagem de h para f, segundo a regra: significa «arraial» (ou «acampamento ») e também «aldeia»; e é talvez esta a significação que convém a este nome. No Cantar de Mio Cid e em Leges a forma mais frequente é Almofala, no primeiro sentido. Em Marrocos designa o bairro dos Judeus, erradamente transcrito mellah. É também frequente nos nossos jornais na forma mehalla, no primeiro sentido.","260",No artigo não é mencionado local específico.
"32",Almofala,"Almafala. Era o nome antigo do que hoje se chama «a Graça», em Lisboa. Dizem-no João de Sousa e Moura, mas sem citar fonte, e Herculano. Este nome e a sua variante Almofala são vulgares na toponímia do nosso país, mas hoje só na forma última. A uma herdade de «Almafala» se refere um documento de 1221; mas já aparece esta forma num diploma de 907. No Egipto havia uma povoação deste nome.
Do árabe almahalla, com passagem de h para f, segundo a regra: significa «arraial» (ou «acampamento ») e também «aldeia»; e é talvez esta a significação que convém a este nome. No Cantar de Mio Cid e em Leges a forma mais frequente é Almofala, no primeiro sentido. Em Marrocos designa o bairro dos Judeus, erradamente transcrito mellah. É também frequente nos nossos jornais na forma mehalla, no primeiro sentido.","260",No artigo não é mencionado local específico.
"33",Almofala,"Almafala. Era o nome antigo do que hoje se chama «a Graça», em Lisboa. Dizem-no João de Sousa e Moura, mas sem citar fonte, e Herculano. Este nome e a sua variante Almofala são vulgares na toponímia do nosso país, mas hoje só na forma última. A uma herdade de «Almafala» se refere um documento de 1221; mas já aparece esta forma num diploma de 907. No Egipto havia uma povoação deste nome.
Do árabe almahalla, com passagem de h para f, segundo a regra: significa «arraial» (ou «acampamento ») e também «aldeia»; e é talvez esta a significação que convém a este nome. No Cantar de Mio Cid e em Leges a forma mais frequente é Almofala, no primeiro sentido. Em Marrocos designa o bairro dos Judeus, erradamente transcrito mellah. É também frequente nos nossos jornais na forma mehalla, no primeiro sentido.","260",No artigo não é mencionado local específico.
"34",Almofala,"Almafala. Era o nome antigo do que hoje se chama «a Graça», em Lisboa. Dizem-no João de Sousa e Moura, mas sem citar fonte, e Herculano. Este nome e a sua variante Almofala são vulgares na toponímia do nosso país, mas hoje só na forma última. A uma herdade de «Almafala» se refere um documento de 1221; mas já aparece esta forma num diploma de 907. No Egipto havia uma povoação deste nome.
Do árabe almahalla, com passagem de h para f, segundo a regra: significa «arraial» (ou «acampamento ») e também «aldeia»; e é talvez esta a significação que convém a este nome. No Cantar de Mio Cid e em Leges a forma mais frequente é Almofala, no primeiro sentido. Em Marrocos designa o bairro dos Judeus, erradamente transcrito mellah. É também frequente nos nossos jornais na forma mehalla, no primeiro sentido.","260",No artigo não é mencionado local específico.
"35",Almofala,"Almafala. Era o nome antigo do que hoje se chama «a Graça», em Lisboa. Dizem-no João de Sousa e Moura, mas sem citar fonte, e Herculano. Este nome e a sua variante Almofala são vulgares na toponímia do nosso país, mas hoje só na forma última. A uma herdade de «Almafala» se refere um documento de 1221; mas já aparece esta forma num diploma de 907. No Egipto havia uma povoação deste nome.
Do árabe almahalla, com passagem de h para f, segundo a regra: significa «arraial» (ou «acampamento ») e também «aldeia»; e é talvez esta a significação que convém a este nome. No Cantar de Mio Cid e em Leges a forma mais frequente é Almofala, no primeiro sentido. Em Marrocos designa o bairro dos Judeus, erradamente transcrito mellah. É também frequente nos nossos jornais na forma mehalla, no primeiro sentido.","260",No artigo não é mencionado local específico.
"36",Almofala,"Almafala. Era o nome antigo do que hoje se chama «a Graça», em Lisboa. Dizem-no João de Sousa e Moura, mas sem citar fonte, e Herculano. Este nome e a sua variante Almofala são vulgares na toponímia do nosso país, mas hoje só na forma última. A uma herdade de «Almafala» se refere um documento de 1221; mas já aparece esta forma num diploma de 907. No Egipto havia uma povoação deste nome.
Do árabe almahalla, com passagem de h para f, segundo a regra: significa «arraial» (ou «acampamento ») e também «aldeia»; e é talvez esta a significação que convém a este nome. No Cantar de Mio Cid e em Leges a forma mais frequente é Almofala, no primeiro sentido. Em Marrocos designa o bairro dos Judeus, erradamente transcrito mellah. É também frequente nos nossos jornais na forma mehalla, no primeiro sentido.","260",No artigo não é mencionado local específico.
"37",Almourol,"Almourol. Nome de uma ilha do Tejo, defronte de Tancos. É, segundo me parece, o vocábulo comum latino moru, «amoreira», com o sufixo deminutivo -ola, o qual deu morió, como: vineola Vinhó, ecclesiola Grijó, lineola Linhó, etc.; e com o artigo árabe almorió. Almorió foi tratado como os nomes árabes acabados em -á, -é e í: arsenal, alvanel, ceitil, em que o l é acrescentado, e recebeu também l final. Não conheço nomes árabes nas mesmas condições, por não haver vocábulos assim terminados que passassem para português; mas em espanhol há alcabor, de alcabô. Arabizado existe, todavia, um, segundo creio: é Albarrol, nome de lugar, nos c. de Miranda do Corvo, Gavião e Niza, de Barró, também nome de lugar do c. de Resende, que é deminutivo, como o nome que estou estudando.
De Almoriol veiu facilmente Almeirol de um documento de 1169 e Almoyrol de um outro do século xv. Na inscrição gravada sobre a porta da cerca interior do castelo de Almourol, de 1171, le-se Almoirel ou Almourel, mas a cópia existente no convento de Cristo, de Tomar, tem Almoriol. A explicação de Esteves Pereira é inadmissível, por não ser possível a aglutinação do artigo árabe al- a um nome de lugar pre-islâmico.
Se a minha explicação é boa, Almourol quere dizer (ilha da) «Amoreirinha».
Ao sufixo -ola, feminino, contrapõe-se o masculino -olu, que mais facilmente daria Almourol, mas morus é fem.
Um documento de 1283 em latim diz: «... de Sena usque Muriellam». Se se trata, efectivamente, do nome que estou estudando, este é uma variante com o sufixo fem. também e deminutivo -ella.
","262",
"38",Alpeidão (?),"Alpeidão. Nome do cachopo do sul na barra do Tejo. As ondas quebram sobre ele e parecem da costa fronteira um imenso lençol de grande alvura. Por isso se lhe deu o nome de albedãn(e), «as brancas», que com a mudança de b em p, como em xarope (de xarãb) e acepipe (de azebib), ditongação de ê em ei e passagem de -ãn(e) em -ão, como é de regra, deu a forma que estou a explicar. O seu singular masc. abiad, «branco», significa não só «branco» (côr), mas designa vários objectos que têm esta côr, como «espada», «prata» (metal), etc. O s. fem. com o artigo árabe, albêda, «a branca», deu nome a várias povoações da Península e fora dela: Albelda, «a (cidade) branca»; igualmente de «Casa Branca» em Marrocos; e de uma cidade da Pérsia, terra da naturalidade do célebre comentador do Alcorão, Albeidaní. O pl. albid, «as brancas», significa por si só «mulheres formosas» por serem brancas; assim como o outro pl. albêdãn(e), de que falei acima, significa também «os brancos» em oposição a açúdan(e), «os pretos», nome conhecido na forma «Sudão», país dos negros ou Nigrícia.",262-263,
"39",Alqueidão,"Alqueidão. Nome de muitas povoações de Portugal. Perto de de Lisboa, no Lumiar, é nome de rua. Era sobretudo nome de propriedade rústica nos c. de Cartaxo e Azambuja, concedida por Afonso Henriques à Câmara de Lisboa, para sustentar 30 merceeiros e merceeiras pobres. Há no arquivo da cidade um livro chamado do Alqueidão; e no livro 1 dão-se as confrontações destas terras.
A etimologia deve ser alq(u)eddãn(e), com ditongação de e em ei, e passagem de -ãn(e) em -ão, segundo é de regra. Dozy identifica este nome com o tufo calcário; sendo assim, como parece, é uma espécie de pedra calcária esbranquiçada e branda que endurece ao ar e por isso se emprega nas edificações, sobretudo usada nas abóbadas, escadas, etc., por causa da sua fraca densidade. Em Fez há um sítio com este nome.
Podia pensar-se noutro étimo, alq(u)etãn(e), aparentemente mais aceitável, que significa na África do norte «tenda» e também «acampamento». Nos Anais de Arzila aparece na forma alcaiatão (o a depois do i está a mais), «tenda de viagem». Quere para uma, quere para outra significação, Dozy dá várias fontes.
Em Ibne Caldune há o nome de lugar Guitun(e) Zenata, «acampamento dos Zenatas». Em Carette também há o nome próprio Alq(u)itun(e), que é o mesmo vocábulo.
Pela significação, o primeiro étimo parece-me preferível.",263-264,
"40",Alqueidão,"Alqueidão. Nome de muitas povoações de Portugal. Perto de de Lisboa, no Lumiar, é nome de rua. Era sobretudo nome de propriedade rústica nos c. de Cartaxo e Azambuja, concedida por Afonso Henriques à Câmara de Lisboa, para sustentar 30 merceeiros e merceeiras pobres. Há no arquivo da cidade um livro chamado do Alqueidão; e no livro 1 dão-se as confrontações destas terras.
A etimologia deve ser alq(u)eddãn(e), com ditongação de e em ei, e passagem de -ãn(e) em -ão, segundo é de regra. Dozy identifica este nome com o tufo calcário; sendo assim, como parece, é uma espécie de pedra calcária esbranquiçada e branda que endurece ao ar e por isso se emprega nas edificações, sobretudo usada nas abóbadas, escadas, etc., por causa da sua fraca densidade. Em Fez há um sítio com este nome.
Podia pensar-se noutro étimo, alq(u)etãn(e), aparentemente mais aceitável, que significa na África do norte «tenda» e também «acampamento». Nos Anais de Arzila aparece na forma alcaiatão (o a depois do i está a mais), «tenda de viagem». Quere para uma, quere para outra significação, Dozy dá várias fontes.
Em Ibne Caldune há o nome de lugar Guitun(e) Zenata, «acampamento dos Zenatas». Em Carette também há o nome próprio Alq(u)itun(e), que é o mesmo vocábulo.
Pela significação, o primeiro étimo parece-me preferível.",263-264,
"41",Alqueidão,"Alqueidão. Nome de muitas povoações de Portugal. Perto de de Lisboa, no Lumiar, é nome de rua. Era sobretudo nome de propriedade rústica nos c. de Cartaxo e Azambuja, concedida por Afonso Henriques à Câmara de Lisboa, para sustentar 30 merceeiros e merceeiras pobres. Há no arquivo da cidade um livro chamado do Alqueidão; e no livro 1 dão-se as confrontações destas terras.
A etimologia deve ser alq(u)eddãn(e), com ditongação de e em ei, e passagem de -ãn(e) em -ão, segundo é de regra. Dozy identifica este nome com o tufo calcário; sendo assim, como parece, é uma espécie de pedra calcária esbranquiçada e branda que endurece ao ar e por isso se emprega nas edificações, sobretudo usada nas abóbadas, escadas, etc., por causa da sua fraca densidade. Em Fez há um sítio com este nome.
Podia pensar-se noutro étimo, alq(u)etãn(e), aparentemente mais aceitável, que significa na África do norte «tenda» e também «acampamento». Nos Anais de Arzila aparece na forma alcaiatão (o a depois do i está a mais), «tenda de viagem». Quere para uma, quere para outra significação, Dozy dá várias fontes.
Em Ibne Caldune há o nome de lugar Guitun(e) Zenata, «acampamento dos Zenatas». Em Carette também há o nome próprio Alq(u)itun(e), que é o mesmo vocábulo.
Pela significação, o primeiro étimo parece-me preferível.",263-264,
"42",Alqueidão,"Alqueidão. Nome de muitas povoações de Portugal. Perto de de Lisboa, no Lumiar, é nome de rua. Era sobretudo nome de propriedade rústica nos c. de Cartaxo e Azambuja, concedida por Afonso Henriques à Câmara de Lisboa, para sustentar 30 merceeiros e merceeiras pobres. Há no arquivo da cidade um livro chamado do Alqueidão; e no livro 1 dão-se as confrontações destas terras.
A etimologia deve ser alq(u)eddãn(e), com ditongação de e em ei, e passagem de -ãn(e) em -ão, segundo é de regra. Dozy identifica este nome com o tufo calcário; sendo assim, como parece, é uma espécie de pedra calcária esbranquiçada e branda que endurece ao ar e por isso se emprega nas edificações, sobretudo usada nas abóbadas, escadas, etc., por causa da sua fraca densidade. Em Fez há um sítio com este nome.
Podia pensar-se noutro étimo, alq(u)etãn(e), aparentemente mais aceitável, que significa na África do norte «tenda» e também «acampamento». Nos Anais de Arzila aparece na forma alcaiatão (o a depois do i está a mais), «tenda de viagem». Quere para uma, quere para outra significação, Dozy dá várias fontes.
Em Ibne Caldune há o nome de lugar Guitun(e) Zenata, «acampamento dos Zenatas». Em Carette também há o nome próprio Alq(u)itun(e), que é o mesmo vocábulo.
Pela significação, o primeiro étimo parece-me preferível.",263-264,
"43",Alqueidão,"Alqueidão. Nome de muitas povoações de Portugal. Perto de de Lisboa, no Lumiar, é nome de rua. Era sobretudo nome de propriedade rústica nos c. de Cartaxo e Azambuja, concedida por Afonso Henriques à Câmara de Lisboa, para sustentar 30 merceeiros e merceeiras pobres. Há no arquivo da cidade um livro chamado do Alqueidão; e no livro 1 dão-se as confrontações destas terras.
A etimologia deve ser alq(u)eddãn(e), com ditongação de e em ei, e passagem de -ãn(e) em -ão, segundo é de regra. Dozy identifica este nome com o tufo calcário; sendo assim, como parece, é uma espécie de pedra calcária esbranquiçada e branda que endurece ao ar e por isso se emprega nas edificações, sobretudo usada nas abóbadas, escadas, etc., por causa da sua fraca densidade. Em Fez há um sítio com este nome.
Podia pensar-se noutro étimo, alq(u)etãn(e), aparentemente mais aceitável, que significa na África do norte «tenda» e também «acampamento». Nos Anais de Arzila aparece na forma alcaiatão (o a depois do i está a mais), «tenda de viagem». Quere para uma, quere para outra significação, Dozy dá várias fontes.
Em Ibne Caldune há o nome de lugar Guitun(e) Zenata, «acampamento dos Zenatas». Em Carette também há o nome próprio Alq(u)itun(e), que é o mesmo vocábulo.
Pela significação, o primeiro étimo parece-me preferível.",263-264,
"44",Alqueidão,"Alqueidão. Nome de muitas povoações de Portugal. Perto de de Lisboa, no Lumiar, é nome de rua. Era sobretudo nome de propriedade rústica nos c. de Cartaxo e Azambuja, concedida por Afonso Henriques à Câmara de Lisboa, para sustentar 30 merceeiros e merceeiras pobres. Há no arquivo da cidade um livro chamado do Alqueidão; e no livro 1 dão-se as confrontações destas terras.
A etimologia deve ser alq(u)eddãn(e), com ditongação de e em ei, e passagem de -ãn(e) em -ão, segundo é de regra. Dozy identifica este nome com o tufo calcário; sendo assim, como parece, é uma espécie de pedra calcária esbranquiçada e branda que endurece ao ar e por isso se emprega nas edificações, sobretudo usada nas abóbadas, escadas, etc., por causa da sua fraca densidade. Em Fez há um sítio com este nome.
Podia pensar-se noutro étimo, alq(u)etãn(e), aparentemente mais aceitável, que significa na África do norte «tenda» e também «acampamento». Nos Anais de Arzila aparece na forma alcaiatão (o a depois do i está a mais), «tenda de viagem». Quere para uma, quere para outra significação, Dozy dá várias fontes.
Em Ibne Caldune há o nome de lugar Guitun(e) Zenata, «acampamento dos Zenatas». Em Carette também há o nome próprio Alq(u)itun(e), que é o mesmo vocábulo.
Pela significação, o primeiro étimo parece-me preferível.",263-264,
"45",Alqueidão,"Alqueidão. Nome de muitas povoações de Portugal. Perto de de Lisboa, no Lumiar, é nome de rua. Era sobretudo nome de propriedade rústica nos c. de Cartaxo e Azambuja, concedida por Afonso Henriques à Câmara de Lisboa, para sustentar 30 merceeiros e merceeiras pobres. Há no arquivo da cidade um livro chamado do Alqueidão; e no livro 1 dão-se as confrontações destas terras.
A etimologia deve ser alq(u)eddãn(e), com ditongação de e em ei, e passagem de -ãn(e) em -ão, segundo é de regra. Dozy identifica este nome com o tufo calcário; sendo assim, como parece, é uma espécie de pedra calcária esbranquiçada e branda que endurece ao ar e por isso se emprega nas edificações, sobretudo usada nas abóbadas, escadas, etc., por causa da sua fraca densidade. Em Fez há um sítio com este nome.
Podia pensar-se noutro étimo, alq(u)etãn(e), aparentemente mais aceitável, que significa na África do norte «tenda» e também «acampamento». Nos Anais de Arzila aparece na forma alcaiatão (o a depois do i está a mais), «tenda de viagem». Quere para uma, quere para outra significação, Dozy dá várias fontes.
Em Ibne Caldune há o nome de lugar Guitun(e) Zenata, «acampamento dos Zenatas». Em Carette também há o nome próprio Alq(u)itun(e), que é o mesmo vocábulo.
Pela significação, o primeiro étimo parece-me preferível.",263-264,
"46",Alqueidão,"Alqueidão. Nome de muitas povoações de Portugal. Perto de de Lisboa, no Lumiar, é nome de rua. Era sobretudo nome de propriedade rústica nos c. de Cartaxo e Azambuja, concedida por Afonso Henriques à Câmara de Lisboa, para sustentar 30 merceeiros e merceeiras pobres. Há no arquivo da cidade um livro chamado do Alqueidão; e no livro 1 dão-se as confrontações destas terras.
A etimologia deve ser alq(u)eddãn(e), com ditongação de e em ei, e passagem de -ãn(e) em -ão, segundo é de regra. Dozy identifica este nome com o tufo calcário; sendo assim, como parece, é uma espécie de pedra calcária esbranquiçada e branda que endurece ao ar e por isso se emprega nas edificações, sobretudo usada nas abóbadas, escadas, etc., por causa da sua fraca densidade. Em Fez há um sítio com este nome.
Podia pensar-se noutro étimo, alq(u)etãn(e), aparentemente mais aceitável, que significa na África do norte «tenda» e também «acampamento». Nos Anais de Arzila aparece na forma alcaiatão (o a depois do i está a mais), «tenda de viagem». Quere para uma, quere para outra significação, Dozy dá várias fontes.
Em Ibne Caldune há o nome de lugar Guitun(e) Zenata, «acampamento dos Zenatas». Em Carette também há o nome próprio Alq(u)itun(e), que é o mesmo vocábulo.
Pela significação, o primeiro étimo parece-me preferível.",263-264,
"47",Alqueidão,"Alqueidão. Nome de muitas povoações de Portugal. Perto de de Lisboa, no Lumiar, é nome de rua. Era sobretudo nome de propriedade rústica nos c. de Cartaxo e Azambuja, concedida por Afonso Henriques à Câmara de Lisboa, para sustentar 30 merceeiros e merceeiras pobres. Há no arquivo da cidade um livro chamado do Alqueidão; e no livro 1 dão-se as confrontações destas terras.
A etimologia deve ser alq(u)eddãn(e), com ditongação de e em ei, e passagem de -ãn(e) em -ão, segundo é de regra. Dozy identifica este nome com o tufo calcário; sendo assim, como parece, é uma espécie de pedra calcária esbranquiçada e branda que endurece ao ar e por isso se emprega nas edificações, sobretudo usada nas abóbadas, escadas, etc., por causa da sua fraca densidade. Em Fez há um sítio com este nome.
Podia pensar-se noutro étimo, alq(u)etãn(e), aparentemente mais aceitável, que significa na África do norte «tenda» e também «acampamento». Nos Anais de Arzila aparece na forma alcaiatão (o a depois do i está a mais), «tenda de viagem». Quere para uma, quere para outra significação, Dozy dá várias fontes.
Em Ibne Caldune há o nome de lugar Guitun(e) Zenata, «acampamento dos Zenatas». Em Carette também há o nome próprio Alq(u)itun(e), que é o mesmo vocábulo.
Pela significação, o primeiro étimo parece-me preferível.",263-264,
"48",Alqueidão,"Alqueidão. Nome de muitas povoações de Portugal. Perto de de Lisboa, no Lumiar, é nome de rua. Era sobretudo nome de propriedade rústica nos c. de Cartaxo e Azambuja, concedida por Afonso Henriques à Câmara de Lisboa, para sustentar 30 merceeiros e merceeiras pobres. Há no arquivo da cidade um livro chamado do Alqueidão; e no livro 1 dão-se as confrontações destas terras.
A etimologia deve ser alq(u)eddãn(e), com ditongação de e em ei, e passagem de -ãn(e) em -ão, segundo é de regra. Dozy identifica este nome com o tufo calcário; sendo assim, como parece, é uma espécie de pedra calcária esbranquiçada e branda que endurece ao ar e por isso se emprega nas edificações, sobretudo usada nas abóbadas, escadas, etc., por causa da sua fraca densidade. Em Fez há um sítio com este nome.
Podia pensar-se noutro étimo, alq(u)etãn(e), aparentemente mais aceitável, que significa na África do norte «tenda» e também «acampamento». Nos Anais de Arzila aparece na forma alcaiatão (o a depois do i está a mais), «tenda de viagem». Quere para uma, quere para outra significação, Dozy dá várias fontes.
Em Ibne Caldune há o nome de lugar Guitun(e) Zenata, «acampamento dos Zenatas». Em Carette também há o nome próprio Alq(u)itun(e), que é o mesmo vocábulo.
Pela significação, o primeiro étimo parece-me preferível.",263-264,
"49",Alvaiázere,"Alvaiázere. Vila e concelho do distrito de Leiria. Alvayazar num documento de 1306. Do árabe albaiaz, nome de ofício, «falcoeiro», de baz, «falcão». Com acrescentamento de r (re), como em Tânger (forma antiga, Tangere), Zêzere, almiscar, etc.
Albaicin, bairro de Granada, é o mesmo nome no plural.
«Falcoeiro» era o indivíduo que criava e ensinava os falcões a caçar. Os antigos reis e fidalgos tinham ao seu serviço criados que se ocupavam na criação e tratamento dessa e outras aves de rapina, como o açor e o gavião. D. Afonso II possuia para esse efeito três açoreiros e quatro falcoeiros.
Na toponímia há outros nomes de ofícios: Carpinteiro, Ferreiro (e Ferreiros) e Mamposteiro (quinta no c. de Rio Maior).","264",
"50",Alvalade,"Alvalade. Nome de lugar de Portugal e Espanha. Povoação do c. de S. Tiago de Cacém, serra do distrito de Évora e ribeira do de Lisboa. No século X havia perto de Coimbra, junto do Mondego, uma «villa» com este nome: Albalat, Almalat, Alualad. Os nomes antigos dos bairros novos de Lisboa, Campo Grande e Campo Pequeno, eram «Campo de Alvalade Grande» e «Campo de Alvalade Pequeno».
Já tentei explicar este nome pelo vocábulo latino palatium, precedido do artigo árabe, por ser nome comum na origem. Dozy deu algumas fontes árabes. A essas acrescentei uma decisiva que se lê em Almacari: «e ele (Rodrigo, último rei godo) alojou-se no alcácer (de Córdova) chamado «balat» de Rodrigo, que dele tinha o nome». Um outro passo é ainda mais decisivo: (Mugueite chegado a Toledo) instalou-se no «albalat» que é a morada real.
Foi-me contestada esta etimologia por pessoa douta e amiga, por parecer incrível que houvesse tantos «palatium» espalhados aqui e ali. Por isso volto a ela para a reforçar com novas fontes. Encontrei esses textos no Elucidário. Já Herculano disse que «palatium» era a residência do alcaide-mór ou senhor da terra. O Elucidário dá novos exemplos deste emprêgo. Mas Viterbo cita dois passos que alargam o sentido do vocábulo. Numa doação de 1037 à Sé de Oviedo declara-se: «Si homo habitans in haeriditate S. Salvatoris... Cum armis vel sine armis introierit in Palatium Regis vel in Palatium alicujus hominis .. ». Noutra doação do nosso Afonso Henriques, de 1139, lê-se: «... et inde pergit per illum carreirum vetus de illa Cumieira, et inde pergit per illum Palacium Franciscum... usque in pelago de Godim».
Assim, a significação deste vocábulo parece ser aqui a de residência senhorial ou casa de campo de fidalgo ou pessoa principal; e ela explica a frequência do nome em lugares onde não seria de esperar, a dar-se-lhe o sentido clássico. Compreende-se, pois, também o seu pl. Alvalades, pov. de Algoz, c. de Silves.",264-265,
"51",Alvalade,"Alvalade. Nome de lugar de Portugal e Espanha. Povoação do c. de S. Tiago de Cacém, serra do distrito de Évora e ribeira do de Lisboa. No século X havia perto de Coimbra, junto do Mondego, uma «villa» com este nome: Albalat, Almalat, Alualad. Os nomes antigos dos bairros novos de Lisboa, Campo Grande e Campo Pequeno, eram «Campo de Alvalade Grande» e «Campo de Alvalade Pequeno».
Já tentei explicar este nome pelo vocábulo latino palatium, precedido do artigo árabe, por ser nome comum na origem. Dozy deu algumas fontes árabes. A essas acrescentei uma decisiva que se lê em Almacari: «e ele (Rodrigo, último rei godo) alojou-se no alcácer (de Córdova) chamado «balat» de Rodrigo, que dele tinha o nome». Um outro passo é ainda mais decisivo: (Mugueite chegado a Toledo) instalou-se no «albalat» que é a morada real.
Foi-me contestada esta etimologia por pessoa douta e amiga, por parecer incrível que houvesse tantos «palatium» espalhados aqui e ali. Por isso volto a ela para a reforçar com novas fontes. Encontrei esses textos no Elucidário. Já Herculano disse que «palatium» era a residência do alcaide-mór ou senhor da terra. O Elucidário dá novos exemplos deste emprêgo. Mas Viterbo cita dois passos que alargam o sentido do vocábulo. Numa doação de 1037 à Sé de Oviedo declara-se: «Si homo habitans in haeriditate S. Salvatoris... Cum armis vel sine armis introierit in Palatium Regis vel in Palatium alicujus hominis .. ». Noutra doação do nosso Afonso Henriques, de 1139, lê-se: «... et inde pergit per illum carreirum vetus de illa Cumieira, et inde pergit per illum Palacium Franciscum... usque in pelago de Godim».
Assim, a significação deste vocábulo parece ser aqui a de residência senhorial ou casa de campo de fidalgo ou pessoa principal; e ela explica a frequência do nome em lugares onde não seria de esperar, a dar-se-lhe o sentido clássico. Compreende-se, pois, também o seu pl. Alvalades, pov. de Algoz, c. de Silves.",264-265,
"52",Alvalades,"Alvalade. Nome de lugar de Portugal e Espanha. Povoação do c. de S. Tiago de Cacém, serra do distrito de Évora e ribeira do de Lisboa. No século X havia perto de Coimbra, junto do Mondego, uma «villa» com este nome: Albalat, Almalat, Alualad. Os nomes antigos dos bairros novos de Lisboa, Campo Grande e Campo Pequeno, eram «Campo de Alvalade Grande» e «Campo de Alvalade Pequeno».
Já tentei explicar este nome pelo vocábulo latino palatium, precedido do artigo árabe, por ser nome comum na origem. Dozy deu algumas fontes árabes. A essas acrescentei uma decisiva que se lê em Almacari: «e ele (Rodrigo, último rei godo) alojou-se no alcácer (de Córdova) chamado «balat» de Rodrigo, que dele tinha o nome». Um outro passo é ainda mais decisivo: (Mugueite chegado a Toledo) instalou-se no «albalat» que é a morada real.
Foi-me contestada esta etimologia por pessoa douta e amiga, por parecer incrível que houvesse tantos «palatium» espalhados aqui e ali. Por isso volto a ela para a reforçar com novas fontes. Encontrei esses textos no Elucidário. Já Herculano disse que «palatium» era a residência do alcaide-mór ou senhor da terra. O Elucidário dá novos exemplos deste emprêgo. Mas Viterbo cita dois passos que alargam o sentido do vocábulo. Numa doação de 1037 à Sé de Oviedo declara-se: «Si homo habitans in haeriditate S. Salvatoris... Cum armis vel sine armis introierit in Palatium Regis vel in Palatium alicujus hominis .. ». Noutra doação do nosso Afonso Henriques, de 1139, lê-se: «... et inde pergit per illum carreirum vetus de illa Cumieira, et inde pergit per illum Palacium Franciscum... usque in pelago de Godim».
Assim, a significação deste vocábulo parece ser aqui a de residência senhorial ou casa de campo de fidalgo ou pessoa principal; e ela explica a frequência do nome em lugares onde não seria de esperar, a dar-se-lhe o sentido clássico. Compreende-se, pois, também o seu pl. Alvalades, pov. de Algoz, c. de Silves.","265",Localizo na atual Alvaledes.
"53",Alvor,"Alvor, vila do c. de Portimão, deve ser alber, «o poço», em que -er passou a -or, como na palavra acima [Nota: Borratém]. Há em Portugal e no norte de África grande número de povoações com estes nomes de poço e alber, respectivamente. Sousa explicou «Alvor» com albur, fiado neste passo de António Tenreiro: «Em hum campo, junto á serra, por terra cham, a que os Arabes chamam Albur, que quer dizer campo inculto...», mas parece pouco crível que tal nome fôsse dado ou ficasse a uma povoação.","267",
"54",Alvorão,"Alvor, vila do c. de Portimão, deve ser alber, «o poço», em que -er passou a -or, como na palavra acima [Nota: Borratém]. Há em Portugal e no norte de África grande número de povoações com estes nomes de poço e alber, respectivamente. Sousa explicou «Alvor» com albur, fiado neste passo de António Tenreiro: «Em hum campo, junto á serra, por terra cham, a que os Arabes chamam Albur, que quer dizer campo inculto...», mas parece pouco crível que tal nome fôsse dado ou ficasse a uma povoação.

Alvorão é o mesmo vocábulo no dual, alberân(e), «os dois poços ». É povoação do c. de Torres-Novas, freguesia de Assentis. Ocorre na Crónica da Ordem dos Frades Menores, I, p. 28, e II, p. 355, publicada pelo Dr. Nunes.","268",
"55",Arraçário (?),"Arraçário (e Arreçário). Nome de via pública em Sintra, Castelo-Branco e Castelo-de-Vide. É o vocábulo árabe arreç, «a cabeça», e a terminação portuguesa -ário. Todavia, não conheço outros hibridismos desta natureza que o corroborem; e isto me faz dar este nome a medo. Arreç aqui significa «elevação de terreno entre dois vales, lomba, cumiada» que quadra bem à topografia dos lugares a que se aplica. Em Sintra está restrito ao caminho de encosta que leva do fundo da vila ao coração dela, mas outrora ter-se-ia aplicado a toda aquela parte abaulada do terreno que separa os dois vales que se estendem para baixo da vila.
Esta palavra árabe existe, independente ou não, na língua portuguesa, debaixo de outras formas, com a sighificação primitiva de «cabeça»: rez, sem artigo árabe, «cabeça de gado»; arrais, com artigo, «que é cabeça», isto é, «capitão de embarcação»; roç-, «cabo», em «Roçalgate», «cabo do extremo» (Raçalhadd), cabo da Arábia, ao sul de Mascate, que entra, de facto, muito pelo mar dentro na parte mais oriental daquela Peninsula.
Roçalgate ocorre, por exemplo, em Góis, Crónica de D. Manuel, II, cap. XXXI e nos Lusíadas, X, 101:
Mas attenta: já cá de estoutra banda
De Roçalgate, e praias sempre avaras
Começa o reino Ormuz...",265-266,
"56",Barró,"Almourol. Nome de uma ilha do Tejo, defronte de Tancos. É, segundo me parece, o vocábulo comum latino moru, «amoreira», com o sufixo deminutivo -ola, o qual deu morió, como: vineola Vinhó, ecclesiola Grijó, lineola Linhó, etc.; e com o artigo árabe almorió. Almorió foi tratado como os nomes árabes acabados em -á, -é e í: arsenal, alvanel, ceitil, em que o l é acrescentado, e recebeu também l final. Não conheço nomes árabes nas mesmas condições, por não haver vocábulos assim terminados que passassem para português; mas em espanhol há alcabor, de alcabô. Arabizado existe, todavia, um, segundo creio: é Albarrol, nome de lugar, nos c. de Miranda do Corvo, Gavião e Niza, de Barró, também nome de lugar do c. de Resende, que é deminutivo, como o nome que estou estudando.
De Almoriol veiu facilmente Almeirol de um documento de 1169 e Almoyrol de um outro do século xv. Na inscrição gravada sobre a porta da cerca interior do castelo de Almourol, de 1171, le-se Almoirel ou Almourel, mas a cópia existente no convento de Cristo, de Tomar, tem Almoriol. A explicação de Esteves Pereira é inadmissível, por não ser possível a aglutinação do artigo árabe al- a um nome de lugar pre-islâmico.
Se a minha explicação é boa, Almourol quere dizer (ilha da) «Amoreirinha».
Ao sufixo -ola, feminino, contrapõe-se o masculino -olu, que mais facilmente daria Almourol, mas morus é fem.
Um documento de 1283 em latim diz: «... de Sena usque Muriellam». Se se trata, efectivamente, do nome que estou estudando, este é uma variante com o sufixo fem. também e deminutivo -ella.
","262",
"57",Benafátima,"Benafátima. Na toponímia portuguesa há bastantes nomes como:
Benafátima, lugar do c. de Silves. Também no c. de Odemira, segundo se lê no foral de Odemira de 1255. Na forma Fátima, lugar do c. de Ourém: nome da filha de Mafoma, que casou com Ali, quarto califa ou sucessor do Profeta.
Benagaia, lugar do c. de Silves;
Benafim, idem;
Benagil, idem,

Nomes assim são frequentes em Espanha:
Benafarces, provincia de Valladolid;
Benafer, Castellon de la Plana;
Benagalbon, Malaga;
Benagever, Valência;
Benaguacil, Valencia;
Benahadux, Almeria;
Benahavis, Malaga;
Benajarafe, idem;
Benamaurel, Granada;
Benameji, Cordova.

A-par encontram-se em Portugal:
Bensafrim, c. de Lagos;
Bencatel, c. de Vila Viçosa.

Estes dois últimos são nomes de pessoa tornados de lugar; e os anteriores são nomes de família ou de tríbu. Ben significa «filho»; bena «filhos» (em francês transcrito beni). Com Ben e o nome do pai formam-se em árabe os patronímicos, como nas línguas da Peninsula com o sufixo -ici (-ez). Como nome de pessoa, muito usado, há Viegas, de Benegas, «filho de Egas».
Em Marrocos são vulgares uns e outros nomes locativos. Assim, perto de Arzila, ficavam e ficam as serras de Benagorfate e Benamares, isto é, as serras dos Gorfate e dos Mares.
Nos nossos cronistas dos séculos XV e XVI ocorre um nome locativo desta natureza, mas que aparece um pouco modificado. Belamarim significa neles o que depois se chamou reino de Fez. «ElRey (D. João I) por serviço de Deos e seu hordenou de hir tomar a cidade de Cepta que he em bella Marim...» Herculano na sua poesia A perda de Arzila também usou essa forma:

Quando, ao longe, nos campos d'Arzilla,
Alvejava do mouro o albornoz,
E corria, e corria veloz
O ginete de Bellamarim

Belamarim está por Benamarim, que é a tríbu à qual pertencia a família real dos Merínidas, que reinou em África e na Hispânia, após a família dos Almóhadas, isto é, da linhagem de Marim, o antepassado comum. Os Merínidas reinaram em Marrocos até 1465, e de 1471 até 1549 um ramo dessa tríbu, os Oatácidas.","266",
"58",Benafim,"Benafátima. Na toponímia portuguesa há bastantes nomes como:
Benafátima, lugar do c. de Silves. Também no c. de Odemira, segundo se lê no foral de Odemira de 1255. Na forma Fátima, lugar do c. de Ourém: nome da filha de Mafoma, que casou com Ali, quarto califa ou sucessor do Profeta.
Benagaia, lugar do c. de Silves;
Benafim, idem;
Benagil, idem,

Nomes assim são frequentes em Espanha:
Benafarces, provincia de Valladolid;
Benafer, Castellon de la Plana;
Benagalbon, Malaga;
Benagever, Valência;
Benaguacil, Valencia;
Benahadux, Almeria;
Benahavis, Malaga;
Benajarafe, idem;
Benamaurel, Granada;
Benameji, Cordova.

A-par encontram-se em Portugal:
Bensafrim, c. de Lagos;
Bencatel, c. de Vila Viçosa.

Estes dois últimos são nomes de pessoa tornados de lugar; e os anteriores são nomes de família ou de tríbu. Ben significa «filho»; bena «filhos» (em francês transcrito beni). Com Ben e o nome do pai formam-se em árabe os patronímicos, como nas línguas da Peninsula com o sufixo -ici (-ez). Como nome de pessoa, muito usado, há Viegas, de Benegas, «filho de Egas».
Em Marrocos são vulgares uns e outros nomes locativos. Assim, perto de Arzila, ficavam e ficam as serras de Benagorfate e Benamares, isto é, as serras dos Gorfate e dos Mares.
Nos nossos cronistas dos séculos XV e XVI ocorre um nome locativo desta natureza, mas que aparece um pouco modificado. Belamarim significa neles o que depois se chamou reino de Fez. «ElRey (D. João I) por serviço de Deos e seu hordenou de hir tomar a cidade de Cepta que he em bella Marim...» Herculano na sua poesia A perda de Arzila também usou essa forma:

Quando, ao longe, nos campos d'Arzilla,
Alvejava do mouro o albornoz,
E corria, e corria veloz
O ginete de Bellamarim

Belamarim está por Benamarim, que é a tríbu à qual pertencia a família real dos Merínidas, que reinou em África e na Hispânia, após a família dos Almóhadas, isto é, da linhagem de Marim, o antepassado comum. Os Merínidas reinaram em Marrocos até 1465, e de 1471 até 1549 um ramo dessa tríbu, os Oatácidas.","266",
"59",Benagaia,"Benafátima. Na toponímia portuguesa há bastantes nomes como:
Benafátima, lugar do c. de Silves. Também no c. de Odemira, segundo se lê no foral de Odemira de 1255. Na forma Fátima, lugar do c. de Ourém: nome da filha de Mafoma, que casou com Ali, quarto califa ou sucessor do Profeta.
Benagaia, lugar do c. de Silves;
Benafim, idem;
Benagil, idem,

Nomes assim são frequentes em Espanha:
Benafarces, provincia de Valladolid;
Benafer, Castellon de la Plana;
Benagalbon, Malaga;
Benagever, Valência;
Benaguacil, Valencia;
Benahadux, Almeria;
Benahavis, Malaga;
Benajarafe, idem;
Benamaurel, Granada;
Benameji, Cordova.

A-par encontram-se em Portugal:
Bensafrim, c. de Lagos;
Bencatel, c. de Vila Viçosa.

Estes dois últimos são nomes de pessoa tornados de lugar; e os anteriores são nomes de família ou de tríbu. Ben significa «filho»; bena «filhos» (em francês transcrito beni). Com Ben e o nome do pai formam-se em árabe os patronímicos, como nas línguas da Peninsula com o sufixo -ici (-ez). Como nome de pessoa, muito usado, há Viegas, de Benegas, «filho de Egas».
Em Marrocos são vulgares uns e outros nomes locativos. Assim, perto de Arzila, ficavam e ficam as serras de Benagorfate e Benamares, isto é, as serras dos Gorfate e dos Mares.
Nos nossos cronistas dos séculos XV e XVI ocorre um nome locativo desta natureza, mas que aparece um pouco modificado. Belamarim significa neles o que depois se chamou reino de Fez. «ElRey (D. João I) por serviço de Deos e seu hordenou de hir tomar a cidade de Cepta que he em bella Marim...» Herculano na sua poesia A perda de Arzila também usou essa forma:

Quando, ao longe, nos campos d'Arzilla,
Alvejava do mouro o albornoz,
E corria, e corria veloz
O ginete de Bellamarim

Belamarim está por Benamarim, que é a tríbu à qual pertencia a família real dos Merínidas, que reinou em África e na Hispânia, após a família dos Almóhadas, isto é, da linhagem de Marim, o antepassado comum. Os Merínidas reinaram em Marrocos até 1465, e de 1471 até 1549 um ramo dessa tríbu, os Oatácidas.","266",
"60",Benagil,"Benafátima. Na toponímia portuguesa há bastantes nomes como:
Benafátima, lugar do c. de Silves. Também no c. de Odemira, segundo se lê no foral de Odemira de 1255. Na forma Fátima, lugar do c. de Ourém: nome da filha de Mafoma, que casou com Ali, quarto califa ou sucessor do Profeta.
Benagaia, lugar do c. de Silves;
Benafim, idem;
Benagil, idem,

Nomes assim são frequentes em Espanha:
Benafarces, provincia de Valladolid;
Benafer, Castellon de la Plana;
Benagalbon, Malaga;
Benagever, Valência;
Benaguacil, Valencia;
Benahadux, Almeria;
Benahavis, Malaga;
Benajarafe, idem;
Benamaurel, Granada;
Benameji, Cordova.

A-par encontram-se em Portugal:
Bensafrim, c. de Lagos;
Bencatel, c. de Vila Viçosa.

Estes dois últimos são nomes de pessoa tornados de lugar; e os anteriores são nomes de família ou de tríbu. Ben significa «filho»; bena «filhos» (em francês transcrito beni). Com Ben e o nome do pai formam-se em árabe os patronímicos, como nas línguas da Peninsula com o sufixo -ici (-ez). Como nome de pessoa, muito usado, há Viegas, de Benegas, «filho de Egas».
Em Marrocos são vulgares uns e outros nomes locativos. Assim, perto de Arzila, ficavam e ficam as serras de Benagorfate e Benamares, isto é, as serras dos Gorfate e dos Mares.
Nos nossos cronistas dos séculos XV e XVI ocorre um nome locativo desta natureza, mas que aparece um pouco modificado. Belamarim significa neles o que depois se chamou reino de Fez. «ElRey (D. João I) por serviço de Deos e seu hordenou de hir tomar a cidade de Cepta que he em bella Marim...» Herculano na sua poesia A perda de Arzila também usou essa forma:

Quando, ao longe, nos campos d'Arzilla,
Alvejava do mouro o albornoz,
E corria, e corria veloz
O ginete de Bellamarim

Belamarim está por Benamarim, que é a tríbu à qual pertencia a família real dos Merínidas, que reinou em África e na Hispânia, após a família dos Almóhadas, isto é, da linhagem de Marim, o antepassado comum. Os Merínidas reinaram em Marrocos até 1465, e de 1471 até 1549 um ramo dessa tríbu, os Oatácidas.","266",
"61",Bencatel,"Benafátima. Na toponímia portuguesa há bastantes nomes como:
Benafátima, lugar do c. de Silves. Também no c. de Odemira, segundo se lê no foral de Odemira de 1255. Na forma Fátima, lugar do c. de Ourém: nome da filha de Mafoma, que casou com Ali, quarto califa ou sucessor do Profeta.
Benagaia, lugar do c. de Silves;
Benafim, idem;
Benagil, idem,

Nomes assim são frequentes em Espanha:
Benafarces, provincia de Valladolid;
Benafer, Castellon de la Plana;
Benagalbon, Malaga;
Benagever, Valência;
Benaguacil, Valencia;
Benahadux, Almeria;
Benahavis, Malaga;
Benajarafe, idem;
Benamaurel, Granada;
Benameji, Cordova.

A-par encontram-se em Portugal:
Bensafrim, c. de Lagos;
Bencatel, c. de Vila Viçosa.

Estes dois últimos são nomes de pessoa tornados de lugar; e os anteriores são nomes de família ou de tríbu. Ben significa «filho»; bena «filhos» (em francês transcrito beni). Com Ben e o nome do pai formam-se em árabe os patronímicos, como nas línguas da Peninsula com o sufixo -ici (-ez). Como nome de pessoa, muito usado, há Viegas, de Benegas, «filho de Egas».
Em Marrocos são vulgares uns e outros nomes locativos. Assim, perto de Arzila, ficavam e ficam as serras de Benagorfate e Benamares, isto é, as serras dos Gorfate e dos Mares.
Nos nossos cronistas dos séculos XV e XVI ocorre um nome locativo desta natureza, mas que aparece um pouco modificado. Belamarim significa neles o que depois se chamou reino de Fez. «ElRey (D. João I) por serviço de Deos e seu hordenou de hir tomar a cidade de Cepta que he em bella Marim...» Herculano na sua poesia A perda de Arzila também usou essa forma:

Quando, ao longe, nos campos d'Arzilla,
Alvejava do mouro o albornoz,
E corria, e corria veloz
O ginete de Bellamarim

Belamarim está por Benamarim, que é a tríbu à qual pertencia a família real dos Merínidas, que reinou em África e na Hispânia, após a família dos Almóhadas, isto é, da linhagem de Marim, o antepassado comum. Os Merínidas reinaram em Marrocos até 1465, e de 1471 até 1549 um ramo dessa tríbu, os Oatácidas.","266",
"62",Bensafrim,"Benafátima. Na toponímia portuguesa há bastantes nomes como:
Benafátima, lugar do c. de Silves. Também no c. de Odemira, segundo se lê no foral de Odemira de 1255. Na forma Fátima, lugar do c. de Ourém: nome da filha de Mafoma, que casou com Ali, quarto califa ou sucessor do Profeta.
Benagaia, lugar do c. de Silves;
Benafim, idem;
Benagil, idem,

Nomes assim são frequentes em Espanha:
Benafarces, provincia de Valladolid;
Benafer, Castellon de la Plana;
Benagalbon, Malaga;
Benagever, Valência;
Benaguacil, Valencia;
Benahadux, Almeria;
Benahavis, Malaga;
Benajarafe, idem;
Benamaurel, Granada;
Benameji, Cordova.

A-par encontram-se em Portugal:
Bensafrim, c. de Lagos;
Bencatel, c. de Vila Viçosa.

Estes dois últimos são nomes de pessoa tornados de lugar; e os anteriores são nomes de família ou de tríbu. Ben significa «filho»; bena «filhos» (em francês transcrito beni). Com Ben e o nome do pai formam-se em árabe os patronímicos, como nas línguas da Peninsula com o sufixo -ici (-ez). Como nome de pessoa, muito usado, há Viegas, de Benegas, «filho de Egas».
Em Marrocos são vulgares uns e outros nomes locativos. Assim, perto de Arzila, ficavam e ficam as serras de Benagorfate e Benamares, isto é, as serras dos Gorfate e dos Mares.
Nos nossos cronistas dos séculos XV e XVI ocorre um nome locativo desta natureza, mas que aparece um pouco modificado. Belamarim significa neles o que depois se chamou reino de Fez. «ElRey (D. João I) por serviço de Deos e seu hordenou de hir tomar a cidade de Cepta que he em bella Marim...» Herculano na sua poesia A perda de Arzila também usou essa forma:

Quando, ao longe, nos campos d'Arzilla,
Alvejava do mouro o albornoz,
E corria, e corria veloz
O ginete de Bellamarim

Belamarim está por Benamarim, que é a tríbu à qual pertencia a família real dos Merínidas, que reinou em África e na Hispânia, após a família dos Almóhadas, isto é, da linhagem de Marim, o antepassado comum. Os Merínidas reinaram em Marrocos até 1465, e de 1471 até 1549 um ramo dessa tríbu, os Oatácidas.","266",
"63",Borratém,"Borratém. Nome de via pública em Lisboa: é ber atten(e), «poço da figueira». Ainda hoje ali esta o poço. Ao lado ficava a «Praça da Figueira», hoje mercado principal da cidade com o mesmo nome de praça. É bem sabido que no nosso país é frequente haver uma figueira ao pé de cada poço. A forma borr- por ber- deve ser devida à palavra vulgar e corrente borra. Em documentos antigos chama-se-lhe Baratem e Barrotem.","267",
"64",Fátima,"Benafátima. Na toponímia portuguesa há bastantes nomes como:
Benafátima, lugar do c. de Silves. Também no c. de Odemira, segundo se lê no foral de Odemira de 1255. Na forma Fátima, lugar do c. de Ourém: nome da filha de Mafoma, que casou com Ali, quarto califa ou sucessor do Profeta.
Benagaia, lugar do c. de Silves;
Benafim, idem;
Benagil, idem,

Nomes assim são frequentes em Espanha:
Benafarces, provincia de Valladolid;
Benafer, Castellon de la Plana;
Benagalbon, Malaga;
Benagever, Valência;
Benaguacil, Valencia;
Benahadux, Almeria;
Benahavis, Malaga;
Benajarafe, idem;
Benamaurel, Granada;
Benameji, Cordova.

A-par encontram-se em Portugal:
Bensafrim, c. de Lagos;
Bencatel, c. de Vila Viçosa.

Estes dois últimos são nomes de pessoa tornados de lugar; e os anteriores são nomes de família ou de tríbu. Ben significa «filho»; bena «filhos» (em francês transcrito beni). Com Ben e o nome do pai formam-se em árabe os patronímicos, como nas línguas da Peninsula com o sufixo -ici (-ez). Como nome de pessoa, muito usado, há Viegas, de Benegas, «filho de Egas».
Em Marrocos são vulgares uns e outros nomes locativos. Assim, perto de Arzila, ficavam e ficam as serras de Benagorfate e Benamares, isto é, as serras dos Gorfate e dos Mares.
Nos nossos cronistas dos séculos XV e XVI ocorre um nome locativo desta natureza, mas que aparece um pouco modificado. Belamarim significa neles o que depois se chamou reino de Fez. «ElRey (D. João I) por serviço de Deos e seu hordenou de hir tomar a cidade de Cepta que he em bella Marim...» Herculano na sua poesia A perda de Arzila também usou essa forma:

Quando, ao longe, nos campos d'Arzilla,
Alvejava do mouro o albornoz,
E corria, e corria veloz
O ginete de Bellamarim

Belamarim está por Benamarim, que é a tríbu à qual pertencia a família real dos Merínidas, que reinou em África e na Hispânia, após a família dos Almóhadas, isto é, da linhagem de Marim, o antepassado comum. Os Merínidas reinaram em Marrocos até 1465, e de 1471 até 1549 um ramo dessa tríbu, os Oatácidas.","266",
"65",Portimão,"Portimão. É de origem latina, Porta magnu, que por evolução portuguesa daria Portumanho, como tam magnu e quam magnu deram tamanho e camanho; e Fonte magna deu Fontemanha. A forma árabe deste nome é que o explica, como sucedeu com Tejo e Beja: ela devia ser Bortman(e), em que -an(e) deu -ão, como é de regra. De facto, entre o Cabo de Palos e Cartagena (Espanha) há um lugar de nome Porman (Puerto), que em Edrici se chama Bortman(e) alcabir, isto é, Bortman o grande, em que alcabir mostra que se quis traduzir para árabe o segundo elemento do nome latino. O i do nome português foi intercalado para facilitar a pronúncia.","268",
"66",Povolide,"Povolide, lugar do c. de Viseu: quere dizer «Povoa de Olide», como Campolide, «Campo de Olide», e Valhadolide, em Espanha, «Cidade de Olide». Olide é nome de individuo em árabe: Holiti num documento de 946 e Holidi noutro de 1048. Ocorre já na forma Pobelide num diploma de 1127.

Observação ao nome Povolide. Acrescente-se: Em Olide o O foi tomado pelo artigo masculino, isto é, pois, Povoa-do-Lide, em que o l deixou de ser intervocálico e por isso se manteve.","268",
"67",Queluz,"Queluz. Nome de povoação perto de Lisboa, numa baixa à beira do pequeno ribeiro que com o nome de Jamor entra no Tejo na Cruz Quebrada. É de origem árabe, de que (ou ca), «fundo ou baixa de um vale, vale formado pelo leito de ribeiro, vale apertado», e luz (com o artigo árabe -lluz), «amendoeira», ou seja «vale da amendoeira».","268",
"68",Tamarmá,"Tamarmá. Nome de fonte e calçada de Santarém. Sousa deu-lhe a significação de «água doce», confiado neste passo, que cita, de Duarte Galvão: «Tomárão (os Portugueses) o sumidouro entre Motirás e a fonte de Tamarma, á qual os Mouros assim lhe chamávão pelas aguas dela serem doces».
A «Relação da Tomada de Santarém» chama-lhe Athumarmal que traduz por «aguas amargosas»: «fontem qui propter amaras aquas arabice appellatur Athumarmal».
Já tive ensejo de me ocupar deste nome e de dizer que nem uma nem outra explicação me parecia exacta, sem, todavia, poder explicar convenientemente o vocábulo. Tenho hoje a explicação dele. Parece-me, realmente, de origem árabe, mas com a significação de «calçada da mãe de água», isto é, tala, «calçada» (subida), ma-lma, «mãe de água» (literalmente «água da água»), ou seja tamarma, em que houve queda do l intervocálico de tala e passagem de l a r em -alma. O acento tónico deve estar na sílaba final, porque é longa; e a prova que assim deve ter sido dá-a a forma Athumarmal, com l final: é assim também em arsenal, açacal, etc. Esta forma Athumarmal explica-se com tula e queda do l intervocálico, como em tala, e ambos os termos são sinónimos. O a inicial não é etimológico; pertenceria ao artigo árabe e então a construção gramatical seria errada.
O letreiro municipal diz Calçada da Tamarma, sem acento no a final, e os santarenos assim pronunciam hoje. Em Lisboa existe uma Calçada da mãe de água, que dá para a Rua da Alegria, e uma Travessa da mãe de água, em Alfama, na mesma cidade.","269","Localizei na Calçada de Atamarma, Largo de Mem Ramires, onde outrora existiu a Porta de Atamarma."
"69",Trafaria,"Trafaria. Creio que este nome é formado de Traf, «ponta, cabo», como em Trafalgar (ver Algueirão), e o vocábulo latino arena, que normalmente deu areia em português, e no composto referido -aria. Exemplos análogos: Eirena deu Iria, Leirena deu Leiria. A condensação do ei em i é de regra nas sílabas átonas, como em Egitania < Idanha, ecclesia < igreja; mas não se deu no nome Leiria, ou deu-se na sílaba tónica.
Todavia, arena devia estar no genitivo; e assim Trafarenae daria Trafarém, como Sanctirene deu Santarém. Talvez esta anomalia se possa explicar desta maneira: o segundo elemento (arena) fez corpo com o primeiro (Traf) tão intimamente que os dois formaram um todo indistinto, o nome Trafarena, que sofreu depois as modificações fonéticas de Leirena e Eirena, isto é, pois, Trafaria. O mesmo sucedeu com matrem silvae, madre-silva. Do mesmo modo terraemotum deu terramoto, a-par de terremoto. Se o nome fosse só de mozárabes daria Trafarém, porque se não obliteraria a construção latina; mas foi também de árabes, como os nomes Beja e Tejo, e por isso saiu da fieira regular. Contudo, Santarém achou-se nas mesmas condições e nele vingou a pronúncia dos cristãos; mas também existiu a forma Sanctarena que se conservou, de facto, em Santa Iria, arrabalde de Santarém, ou seja o bairro da Ribeira; e Erea foi o nome de uma porta desta cidade. É ainda nome de vários outros lugares do nosso país.
A praia que continua a da Trafaria, na direcção do Bugio, chama-se da «Ponta de areia», que é, como vimos, o significado próprio do termo que estou estudando. Edrici regista igualmente
uma povoação deste nome, Trafarramla, no país de Tunes.",269-270,
"70",Xarca,"Xarca (a). Assim se chama ainda correntemente ao «Caminho do Forno do Tijolo», isto é, à depressão profunda de terreno entre a Graça e o Monte, em Lisboa. Do árabe axacca, com r
intercalado, Axarca (como em «alicerce» «alferce», etc.) que significa «fenda, terreno despenhado e apertado, garganta entre colinas», nome que bem convém ao sítio. Como em outros casos, o à inicial tomou-se como o artigo feminino português e diz-se por isso a Xarca.","270",
"71",Zézere,"Zézere. Nome do rio afluente do Tejo que nele entra junto de Constança. Existiu na foz dele um castelo chamado de Ozezar que teve foral em 1174. Assim se chama ao rio também nos forais de Figueiró de 1204 e de Pedrógão de 1206. Noutros documentos ora Ozezar, ora Uzezar. Esta forma faz suspeitar que O representa a palavra árabe od- (ou ode- e odi-) com a significação de «rio» e Zezere, o vocábulo da mesma procedência, mas de origem berbérica, zez, «cigarra», com acrescentamento de r (re) final, como em Alvaiázere, Tânger, a. Tangere, almíscar, etc. O primeiro elemento veiu a desaparecer por se confundir com o artigo português, como em Degebe por Odegebe.
Em Marrocos, no Tafilete, existe um rio deste nome, nas cartas com a forma Ziz, oned Ziz em francês.
",270-271,
"72",Alvalade (serra) (?),"Alvalade. Nome de lugar de Portugal e Espanha. Povoação do c. de S. Tiago de Cacém, serra do distrito de Évora e ribeira do de Lisboa. No século X havia perto de Coimbra, junto do Mondego, uma «villa» com este nome: Albalat, Almalat, Alualad. Os nomes antigos dos bairros novos de Lisboa, Campo Grande e Campo Pequeno, eram «Campo de Alvalade Grande» e «Campo de Alvalade Pequeno».
Já tentei explicar este nome pelo vocábulo latino palatium, precedido do artigo árabe, por ser nome comum na origem. Dozy deu algumas fontes árabes. A essas acrescentei uma decisiva que se lê em Almacari: «e ele (Rodrigo, último rei godo) alojou-se no alcácer (de Córdova) chamado «balat» de Rodrigo, que dele tinha o nome». Um outro passo é ainda mais decisivo: (Mugueite chegado a Toledo) instalou-se no «albalat» que é a morada real.
Foi-me contestada esta etimologia por pessoa douta e amiga, por parecer incrível que houvesse tantos «palatium» espalhados aqui e ali. Por isso volto a ela para a reforçar com novas fontes. Encontrei esses textos no Elucidário. Já Herculano disse que «palatium» era a residência do alcaide-mór ou senhor da terra. O Elucidário dá novos exemplos deste emprêgo. Mas Viterbo cita dois passos que alargam o sentido do vocábulo. Numa doação de 1037 à Sé de Oviedo declara-se: «Si homo habitans in haeriditate S. Salvatoris... Cum armis vel sine armis introierit in Palatium Regis vel in Palatium alicujus hominis .. ». Noutra doação do nosso Afonso Henriques, de 1139, lê-se: «... et inde pergit per illum carreirum vetus de illa Cumieira, et inde pergit per illum Palacium Franciscum... usque in pelago de Godim».
Assim, a significação deste vocábulo parece ser aqui a de residência senhorial ou casa de campo de fidalgo ou pessoa principal; e ela explica a frequência do nome em lugares onde não seria de esperar, a dar-se-lhe o sentido clássico. Compreende-se, pois, também o seu pl. Alvalades, pov. de Algoz, c. de Silves.",264-265,Encontrei referências que localizam entre Lavre e Arraiolos.
"73",Arreçário (?),"Arraçário (e Arreçário). Nome de via pública em Sintra, Castelo-Branco e Castelo-de-Vide. É o vocábulo árabe arreç, «a cabeça», e a terminação portuguesa -ário. Todavia, não conheço outros hibridismos desta natureza que o corroborem; e isto me faz dar este nome a medo. Arreç aqui significa «elevação de terreno entre dois vales, lomba, cumiada» que quadra bem à topografia dos lugares a que se aplica. Em Sintra está restrito ao caminho de encosta que leva do fundo da vila ao coração dela, mas outrora ter-se-ia aplicado a toda aquela parte abaulada do terreno que separa os dois vales que se estendem para baixo da vila.
Esta palavra árabe existe, independente ou não, na língua portuguesa, debaixo de outras formas, com a sighificação primitiva de «cabeça»: rez, sem artigo árabe, «cabeça de gado»; arrais, com artigo, «que é cabeça», isto é, «capitão de embarcação»; roç-, «cabo», em «Roçalgate», «cabo do extremo» (Raçalhadd), cabo da Arábia, ao sul de Mascate, que entra, de facto, muito pelo mar dentro na parte mais oriental daquela Peninsula.
Roçalgate ocorre, por exemplo, em Góis, Crónica de D. Manuel, II, cap. XXXI e nos Lusíadas, X, 101:
Mas attenta: já cá de estoutra banda
De Roçalgate, e praias sempre avaras
Começa o reino Ormuz...",265-266,
"74",Arreçário (?),"Arraçário (e Arreçário). Nome de via pública em Sintra, Castelo-Branco e Castelo-de-Vide. É o vocábulo árabe arreç, «a cabeça», e a terminação portuguesa -ário. Todavia, não conheço outros hibridismos desta natureza que o corroborem; e isto me faz dar este nome a medo. Arreç aqui significa «elevação de terreno entre dois vales, lomba, cumiada» que quadra bem à topografia dos lugares a que se aplica. Em Sintra está restrito ao caminho de encosta que leva do fundo da vila ao coração dela, mas outrora ter-se-ia aplicado a toda aquela parte abaulada do terreno que separa os dois vales que se estendem para baixo da vila.
Esta palavra árabe existe, independente ou não, na língua portuguesa, debaixo de outras formas, com a sighificação primitiva de «cabeça»: rez, sem artigo árabe, «cabeça de gado»; arrais, com artigo, «que é cabeça», isto é, «capitão de embarcação»; roç-, «cabo», em «Roçalgate», «cabo do extremo» (Raçalhadd), cabo da Arábia, ao sul de Mascate, que entra, de facto, muito pelo mar dentro na parte mais oriental daquela Peninsula.
Roçalgate ocorre, por exemplo, em Góis, Crónica de D. Manuel, II, cap. XXXI e nos Lusíadas, X, 101:
Mas attenta: já cá de estoutra banda
De Roçalgate, e praias sempre avaras
Começa o reino Ormuz...",265-266,
