X,Y,fid,nome,nome alt,CNS,Tipo,Endovélico URL,SIPA URL,Ulysses URL,Monteiro (1999) a),Monteiro (1999) b),Monteiro (1999) c),Monteiro (1999) d),Monteiro (1999) e),Correia (2016),Origem da localização,Media,Notas
-8.785304,41.613751,1,Neiva,Castro de Moldes,877,Povoado Fortificado ,https://arqueologia.patrimoniocultural.pt/index.php?sid=sitios&subsid=54090,http://www.monumentos.gov.pt/Site/APP_PagesUser/SIPA.aspx?id=4980,https://servicos.dgpc.gov.pt/pesquisapatrimonioimovel/detalhes.php?code=69749,sim,sim,,sim,,sim,Ficha do Endovélico,,
-8.83887384264427,41.8761074138919,2,Caminha,,20356,Cidade ,https://arqueologia.patrimoniocultural.pt/index.php?sid=sitios&subsid=2319182,http://www.monumentos.gov.pt/Site/APP_PagesUser/SIPA.aspx?id=2169,https://servicos.dgpc.gov.pt/pesquisapatrimonioimovel/detalhes.php?code=72531,sim,,sim,sim,,sim,Torre do Relógio (OSM),,"Ficha do Endovélico menciona vestígios da cerca medieval, incluindo nestes a Torre do Relógio. A ficha não tem coordenadas pelo que optámos por localizar na Torre do Relógio."
-8.74429868275326,41.9405513561913,3,Vila Nova de Cerveira,,,,,http://www.monumentos.gov.pt/site/app_pagesuser/sipa.aspx?id=3484,https://servicos.dgpc.gov.pt/pesquisapatrimonioimovel/detalhes.php?code=70700,sim,,sim,,,sim,Torre de Menagem (OSM),,
-8.645344,42.033247,4,Valença,,32343,Fortificação ,https://arqueologia.patrimoniocultural.pt/index.php?sid=sitios&subsid=2936610,http://www.monumentos.gov.pt/site/app_pagesuser/sipa.aspx?id=3527,https://servicos.dgpc.gov.pt/pesquisapatrimonioimovel/detalhes.php?code=70235,sim,,sim,sim,,sim,Localização da cisterna medieval na respetiva Ficha do SIPA.,,"Localização próxima da cisterna e portas da Gaviarra, área medieval."
-8.54947,41.990192,5,Fraião,Castro de Boivão,14460,Povoado ,https://arqueologia.patrimoniocultural.pt/index.php?sid=sitios&subsid=58169,,,sim,,,,,sim,Ficha do Endovélico,,
-8.538135,42.056442,6,Lapela,Torre de Lapela,20111,Torre ,https://arqueologia.patrimoniocultural.pt/index.php?sid=sitios&subsid=2301072,http://www.monumentos.gov.pt/Site/APP_PagesUser/SIPA.aspx?id=3523,https://servicos.dgpc.gov.pt/pesquisapatrimonioimovel/detalhes.php?code=71196,sim,,sim,,,sim,Torre (OSM),,
-8.480805,42.0767139,7,Monção,,32747,Castelo ,https://arqueologia.patrimoniocultural.pt/index.php?sid=sitios&subsid=2965284,http://www.monumentos.gov.pt/Site/APP_PagesUser/SIPA.aspx?id=2377,https://servicos.dgpc.gov.pt/pesquisapatrimonioimovel/detalhes.php?code=70678,sim,,sim,,,sim,Ficha do SIPA,,"A localização da ficha SIPA está situada onde seriam as portas principais da muralha, onde estaria a torre de menagem."
-8.25977521156953,42.114409266373,8,Melgaço,,865,Povoado Fortificado ,https://arqueologia.patrimoniocultural.pt/index.php?sid=sitios&subsid=48549,http://www.monumentos.gov.pt/Site/APP_PagesUser/SIPA.aspx?id=3554,https://servicos.dgpc.gov.pt/pesquisapatrimonioimovel/detalhes.php?code=70300,sim,sim,sim,,,sim,Torre de Menagem (OSM),,O CNS não é medieval mas está localizado na Torre de Menagem.
-8.1583545622325,42.0231591458067,9,Castro Laboreiro,Castro Laboredo,10,Castelo ,https://arqueologia.patrimoniocultural.pt/index.php?sid=sitios&subsid=54532,http://www.monumentos.gov.pt/site/app_pagesuser/SIPA.aspx?id=2273,https://servicos.dgpc.gov.pt/pesquisapatrimonioimovel/detalhes.php?code=69848,sim,,sim,,,sim,Torre de Menagem (OSM),,
-8.19928190757125,41.867138851728,10,Lindoso,,7301,Castelo ,https://arqueologia.patrimoniocultural.pt/index.php?sid=sitios&subsid=52472,http://www.monumentos.gov.pt/Site/APP_PagesUser/SIPA.aspx?id=444,https://servicos.dgpc.gov.pt/pesquisapatrimonioimovel/detalhes.php?code=70164,sim,,,,,sim,Torre de Menagem (OSM),,Coordenadas do Endovélico parecem desviadas do recinto do castelo.
-8.37434213888775,41.7706465245353,11,Nóbrega,Castelo de Aboim,4284,Povoado Fortificado ,https://arqueologia.patrimoniocultural.pt/index.php?sid=sitios&subsid=55927,http://www.monumentos.gov.pt/Site/APP_PagesUser/SIPA.aspx?id=3537,,sim,,,,,sim,Ponto mais elevado dentro do recinto (OSM).,,
-8.28134956601445,41.5868270209193,12,Lanhoso,,12793,Castelo ,https://arqueologia.patrimoniocultural.pt/index.php?sid=sitios&subsid=56136,http://monumentos.pt/site/app_pagesuser/sipa.aspx?id=298,https://servicos.dgpc.gov.pt/pesquisapatrimonioimovel/detalhes.php?code=70593,sim,,,,,sim,Torre de Menagem (OSM),,
-8.42388417337558,41.5513215422933,13,Braga,,38700,Castelo ,https://arqueologia.patrimoniocultural.pt/index.php?sid=sitios&subsid=3535406,http://www.monumentos.gov.pt/Site/APP_PagesUser/SIPA.aspx?id=1114,https://servicos.dgpc.gov.pt/pesquisapatrimonioimovel/detalhes.php?code=70652,sim,sim,,sim,,sim,Torre de Menagem (OSM),,
-8.64734863018643,41.4966507372715,14,Faria,,212,Castelo ,https://arqueologia.patrimoniocultural.pt/index.php?sid=sitios&subsid=55986,http://www.monumentos.gov.pt/Site/APP_PagesUser/SIPA.aspx?id=1104,https://servicos.dgpc.gov.pt/pesquisapatrimonioimovel/detalhes.php?code=70488,sim,sim,,,,sim,Torre de Menagem (OSM),,Não é possível visualizar nas fotografias de satélite mas as coordenadas do Endovélico também estão muito próximas desta localização.
-8.44940161909609,41.4302852644846,15,Vermoim,,237,Povoado Fortificado ,https://arqueologia.patrimoniocultural.pt/index.php?sid=sitios&subsid=47904,,https://servicos.dgpc.gov.pt/pesquisapatrimonioimovel/detalhes.php?code=6765723,sim,,,sim,,sim,Localização via OSM.,https://sketchfab.com/3d-models/castelo-de-vermoin-4561f61d32c94a1e9532dc3d1da8425c,Coordenadas do Endovélico parecem desviadas do local correto.
-8.29042100685448,41.4479316991558,16,Guimarães,,33451,Castelo ,https://arqueologia.patrimoniocultural.pt/index.php?sid=sitios&subsid=3028317,http://www.monumentos.gov.pt/site/app_pagesuser/sipa.aspx?id=1060,https://servicos.dgpc.gov.pt/pesquisapatrimonioimovel/detalhes.php?code=70511,sim,sim,,sim,,sim,Torre de Menagem (OSM),,
-8.05178393438705,41.3634626145275,17,Arnoia,,12082,Castelo ,https://arqueologia.patrimoniocultural.pt/index.php?sid=sitios&subsid=57182,http://www.monumentos.gov.pt/Site/APP_PagesUser/SIPA.aspx?id=1899,https://servicos.dgpc.gov.pt/pesquisapatrimonioimovel/detalhes.php?code=70274,sim,,,,,sim,Torre de Menagem (OSM),,
-7.67992772315149,41.4695164733105,18,Aguiar da Pena,Castelo de Pena de Aguiar,2744,Castelo ,https://arqueologia.patrimoniocultural.pt/index.php?sid=sitios&subsid=58311,http://www.monumentos.gov.pt/Site/APP_PagesUser/SIPA.aspx?id=5795,https://servicos.dgpc.gov.pt/pesquisapatrimonioimovel/detalhes.php?code=71205,sim,,,,,sim,Torre de Menagem (OSM),,Coordenadas do Endovélico parecem desviadas do local correto.
-7.86633952672036,41.8921562622318,19,Piconha,,,,,,,sim,,sim,,,sim,Ponto mais elevado (OSM),,Em Espanha.
-7.79091985383642,41.8260556160004,20,Montalegre,,11797,Castelo ,https://arqueologia.patrimoniocultural.pt/index.php?sid=sitios&subsid=58369,http://www.monumentos.gov.pt/Site/APP_PagesUser/SIPA.aspx?id=1109,https://servicos.dgpc.gov.pt/pesquisapatrimonioimovel/detalhes.php?code=70167,sim,,sim,,,sim,Torre de Menagem (OSM),https://sketchfab.com/3d-models/chateau-de-montalegre-portugal-b324fe72db2b4e96a1d796e12b0fdf9f,
-7.76473533828697,41.8970893089723,21,Portelo,Coto de Sendim,32563,Castelo ,https://arqueologia.patrimoniocultural.pt/index.php?sid=sitios&subsid=2956339,,,sim,,sim,,,sim,Ponto mais elevado dentro do recinto (OSM),,
-7.47176470189694,41.7396358059316,22,Chaves,,23552,Castelo ,https://arqueologia.patrimoniocultural.pt/index.php?sid=sitios&subsid=2547645,http://www.monumentos.gov.pt/Site/APP_PagesUser/SIPA.aspx?id=5693,https://servicos.dgpc.gov.pt/pesquisapatrimonioimovel/detalhes.php?code=70655,sim,sim,sim,,sim,sim,Torre de Menagem (OSM),,
-7.41904096684138,41.7591394625886,23,Santo Estêvão,,,,,http://www.monumentos.gov.pt/Site/APP_PagesUser/SIPA.aspx?id=6006,https://servicos.dgpc.gov.pt/pesquisapatrimonioimovel/detalhes.php?code=71121,sim,,,,,sim,Torre de Menagem (OSM),,
-7.35608472845167,41.7623398807825,24,Monforte de Rio Livre,,422,Povoado Fortificado ,https://arqueologia.patrimoniocultural.pt/index.php?sid=sitios&subsid=48377,http://www.monumentos.gov.pt/site/app_pagesuser/sipa.aspx?id=4195,https://servicos.dgpc.gov.pt/pesquisapatrimonioimovel/detalhes.php?code=73390,sim,,sim,,,sim,Torre de Menagem (OSM),,
-7.00068557292346,41.8354438269799,25,Vinhais,,17993,Castelo ,https://arqueologia.patrimoniocultural.pt/index.php?sid=sitios&subsid=2169589,http://www.monumentos.gov.pt/site/app_pagesuser/SIPA.aspx?id=2121,https://servicos.dgpc.gov.pt/pesquisapatrimonioimovel/detalhes.php?code=70570,sim,,sim,,,sim,Torre de Menagem (OSM),,
-6.74927116637753,41.8041027846582,26,Bragança,,17390,Castelo ,https://arqueologia.patrimoniocultural.pt/index.php?sid=sitios&subsid=2136237,http://www.monumentos.gov.pt/site/app_pagesuser/sipa.aspx?id=5158,https://servicos.dgpc.gov.pt/pesquisapatrimonioimovel/detalhes.php?code=71125,sim,sim,sim,sim,,sim,Torre de Menagem (OSM),https://sketchfab.com/3d-models/castelo-de-braganca-5a58c0711a654dd4868be9f274307f79,
-6.59180172344326,41.6829659445915,27,Outeiro de Miranda,,14742,Castelo ,https://arqueologia.patrimoniocultural.pt/index.php?sid=sitios&subsid=58685,http://www.monumentos.gov.pt/Site/APP_PagesUser/SIPA.aspx?id=2118,https://servicos.dgpc.gov.pt/pesquisapatrimonioimovel/detalhes.php?code=73761,sim,,sim,sim,,sim,Ponto mais elevado dentro do recinto (OSM),https://sketchfab.com/3d-models/ruinas-do-castelo-de-outeiro-792749465c724cb9bde8e6a592e367a2,
-6.529729,41.583094,28,Vimioso,,4861,Castelo ,https://arqueologia.patrimoniocultural.pt/index.php?sid=sitios&subsid=58010,,,sim,,sim,,,sim,Ficha do Endovélico,,
-6.27505308001095,41.4963698606197,29,Miranda do Douro,,38050,Castelo ,https://arqueologia.patrimoniocultural.pt/index.php?sid=sitios&subsid=3487725,http://www.monumentos.gov.pt/site/app_pagesuser/SIPA.aspx?id=1061,https://servicos.dgpc.gov.pt/pesquisapatrimonioimovel/detalhes.php?code=74749,sim,,sim,,,sim,Torre de Menagem (OSM),,
-6.7203016737203,41.3382547461895,30,Mogadouro,,19579,Castelo ,https://arqueologia.patrimoniocultural.pt/index.php?sid=sitios&subsid=2256999,http://www.monumentos.gov.pt/site/app_pagesuser/sipa.aspx?id=1075,https://servicos.dgpc.gov.pt/pesquisapatrimonioimovel/detalhes.php?code=70650,sim,,sim,,,sim,Torre de Menagem (OSM),,
-7.18294620513916,41.4855995178223,31,Mirandela,,,,,http://www.monumentos.gov.pt/Site/APP_PagesUser/SIPA.aspx?id=501,https://servicos.dgpc.gov.pt/pesquisapatrimonioimovel/detalhes.php?code=74268,sim,,,sim,,sim,Ficha do SIPA,,Coordenadas do SIPA correspodem à Porta de Santo António.
-6.967064,41.341842,32,Alfândega da Fé,,6871,Castelo ,https://arqueologia.patrimoniocultural.pt/index.php?sid=sitios&subsid=51867,http://www.monumentos.gov.pt/Site/APP_PagesUser/SIPA.aspx?id=19680,https://servicos.dgpc.gov.pt/pesquisapatrimonioimovel/detalhes.php?code=19070283,sim,,,sim,,sim,Ficha do Endovélico,,"Existe outra Ficha do SIPA (http://www.monumentos.gov.pt/Site/APP_PagesUser/SIPA.aspx?id=2407) sobre a Torre do Relógio que tem relação com o castelo: ""apesar de normalmente se considerar que a torre é medieval e que integrava a cerca do castelo, não existem elementos comprovativos suficientes""."
-6.65425286414657,41.3922564473501,33,Penas Róias,,15919,Castelo ,https://arqueologia.patrimoniocultural.pt/index.php?sid=sitios&subsid=167537,http://www.monumentos.gov.pt/Site/APP_PagesUser/SIPA.aspx?id=1073,https://servicos.dgpc.gov.pt/pesquisapatrimonioimovel/detalhes.php?code=69828,sim,,sim,,,sim,Torre de Menagem (OSM),,
-7.052191,41.175794,34,Torre de Moncorvo,,6801,Castelo ,https://arqueologia.patrimoniocultural.pt/index.php?sid=sitios&subsid=59187,http://www.monumentos.gov.pt/Site/APP_PagesUser/SIPA.aspx?id=2128,https://servicos.dgpc.gov.pt/pesquisapatrimonioimovel/detalhes.php?code=73346,sim,,,sim,,sim,Ficha do Endovélico,,
-6.80469705942993,41.0925700944458,35,Freixo de Espada-à-Cinta,Torre do Galo,4323,Castelo ,https://arqueologia.patrimoniocultural.pt/index.php?sid=sitios&subsid=49608,http://www.monumentos.gov.pt/Site/APP_PagesUser/SIPA.aspx?id=2116,https://servicos.dgpc.gov.pt/pesquisapatrimonioimovel/detalhes.php?code=70453,sim,,sim,sim,sim,sim,Torre do Galo (OSM),,Torre do Galo seria mais alta que a Torre de Menagem.
-6.908334,41.160255,36,Mós,,4061,Castelo ,https://arqueologia.patrimoniocultural.pt/index.php?sid=sitios&subsid=58471,http://www.monumentos.gov.pt/Site/APP_PagesUser/SIPA.aspx?id=474,https://servicos.dgpc.gov.pt/pesquisapatrimonioimovel/detalhes.php?code=73519,sim,,,,,sim,Ficha do Endovélico,,
-7.151752,41.306121,37,Vila Flor,,,,,http://www.monumentos.gov.pt/Site/APP_PagesUser/SIPA.aspx?id=2125,https://servicos.dgpc.gov.pt/pesquisapatrimonioimovel/detalhes.php?code=74580,sim,,,,,sim,Ficha do SIPA,,"Coordenadas ficam na rua do Arco de D. Dinis, vestígio que resta do castelo."
-7.3055164425483,41.2031833339609,38,Ansiães,Castelo de Carrazeda de Ansiães,2737,Castelo ,https://arqueologia.patrimoniocultural.pt/index.php?sid=sitios&subsid=56251,http://www.monumentos.gov.pt/Site/APP_PagesUser/SIPA.aspx?id=1059,https://servicos.dgpc.gov.pt/pesquisapatrimonioimovel/detalhes.php?code=70591,sim,,,sim,,sim,Torre de Menagem (OSM),,
-7.74679,41.293297,39,Vila Real,,14290,Castelo ,https://arqueologia.patrimoniocultural.pt/index.php?sid=sitios&subsid=58292,,,sim,,,sim,sim,sim,Ficha do Endovélico,,
-7.80893929442678,41.0992127402418,40,Lamego,,19242,Castelo ,https://arqueologia.patrimoniocultural.pt/index.php?sid=sitios&subsid=2228639,http://www.monumentos.gov.pt/Site/APP_PagesUser/SIPA.aspx?id=5000,https://servicos.dgpc.gov.pt/pesquisapatrimonioimovel/detalhes.php?code=70699,sim,,,sim,sim,sim,Torre de Menagem (OSM),https://sketchfab.com/3d-models/castelo-de-lamego-portugal-97b23ace099d446aaab7fdd37336aeb1,Sem coordenadas no Endovélico.
-7.39390150203628,40.9900616642606,41,Penedono,,31238,Castelo ,https://arqueologia.patrimoniocultural.pt/index.php?sid=sitios&subsid=2823723,http://www.monumentos.gov.pt/Site/APP_PagesUser/SIPA.aspx?id=3681,https://servicos.dgpc.gov.pt/pesquisapatrimonioimovel/detalhes.php?code=70451,sim,,,,,sim,Torre de Menagem (OSM),https://sketchfab.com/3d-models/chateau-de-penedono-portugal-5f25b1ece09f42d99480f566206f39ba,
-7.20845662512142,40.963840493977,42,Longroiva,Castelo de Langóbria,19832,Castelo ,https://arqueologia.patrimoniocultural.pt/index.php?sid=sitios&subsid=2281529,http://www.monumentos.gov.pt/Site/APP_PagesUser/SIPA.aspx?id=6489,https://servicos.dgpc.gov.pt/pesquisapatrimonioimovel/detalhes.php?code=71169,sim,,,,,sim,Torre de Menagem (OSM),,
-7.23207888643801,40.9135071333428,43,Marialva,,11639,Povoado ,https://arqueologia.patrimoniocultural.pt/index.php?sid=sitios&subsid=54872,http://www.monumentos.gov.pt/Site/APP_PagesUser/SIPA.aspx?id=5931,https://servicos.dgpc.gov.pt/pesquisapatrimonioimovel/detalhes.php?code=69859,sim,,,,,sim,Torre de Menagem (OSM),,
-6.96432963326995,40.8773087975269,44,Castelo Rodrigo,,,,,http://www.monumentos.gov.pt/Site/APP_PagesUser/SIPA.aspx?id=1443,https://servicos.dgpc.gov.pt/pesquisapatrimonioimovel/detalhes.php?code=71117,sim,,sim,sim,,sim,Torre de Menagem (OSM),,
-7.06680907286754,41.0227978694552,45,Castelo Melhor,,11793,Castelo ,https://arqueologia.patrimoniocultural.pt/index.php?sid=sitios&subsid=55315,http://www.monumentos.gov.pt/site/APP_PagesUser/SIPA.aspx?id=3000,https://servicos.dgpc.gov.pt/pesquisapatrimonioimovel/detalhes.php?code=74632,sim,,,sim,,sim,Ponto mais elevado dentro do recinto (OSM),,
-7.06236087569628,40.7769811869449,46,Pinhel,,39439,Castelo ,https://arqueologia.patrimoniocultural.pt/index.php?sid=sitios&subsid=3576984,http://www.monumentos.gov.pt/Site/APP_PagesUser/SIPA.aspx?id=5167,https://servicos.dgpc.gov.pt/pesquisapatrimonioimovel/detalhes.php?code=70409,sim,,,sim,,sim,Torre de Menagem (OSM),,
-7.34744401309218,40.7790676901593,47,Trancoso,,5487,Castelo ,https://arqueologia.patrimoniocultural.pt/index.php?sid=sitios&subsid=50763,http://www.monumentos.gov.pt/Site/APP_PagesUser/SIPA.aspx?id=4056,https://servicos.dgpc.gov.pt/pesquisapatrimonioimovel/detalhes.php?code=70648,sim,,,sim,,sim,Torre de Menagem (OSM),,Existe um problema no Endovélico: ficha tem localização mas geoportal não.
-7.32064676889144,40.8282462984159,48,Moreira de Rei,,24949,Castelo ,https://arqueologia.patrimoniocultural.pt/index.php?sid=sitios&subsid=2595736,http://www.monumentos.gov.pt/Site/APP_PagesUser/SIPA.aspx?id=2984,https://servicos.dgpc.gov.pt/pesquisapatrimonioimovel/detalhes.php?code=70420,sim,,,,,sim,Torre de Menagem (OSM),,
-6.90742337162662,40.725707048523,49,Almeida,,18080,Castelo ,https://arqueologia.patrimoniocultural.pt/index.php?sid=sitios&subsid=2177129,,https://servicos.dgpc.gov.pt/pesquisapatrimonioimovel/detalhes.php?code=30952524,sim,sim,sim,,,sim,Torre de Menagem (OSM),https://sketchfab.com/3d-models/modelo-3d-da-praca-forte-de-almeida-b96c7cfe496f4005ad5d3bcd6a5c9054,
-6.94934074123268,40.5917444565494,50,Castelo Mendo,,4352,Povoado Fortificado ,https://arqueologia.patrimoniocultural.pt/index.php?sid=sitios&subsid=49659,http://www.monumentos.gov.pt/Site/APP_PagesUser/SIPA.aspx?id=1381,https://servicos.dgpc.gov.pt/pesquisapatrimonioimovel/detalhes.php?code=70421,sim,,sim,,,sim,Torre de Menagem (OSM),,
-6.9012395920871,40.6208241475629,51,Castelo Bom,,,,,http://www.monumentos.gov.pt/Site/APP_PagesUser/SIPA.aspx?id=1367,https://servicos.dgpc.gov.pt/pesquisapatrimonioimovel/detalhes.php?code=70267,sim,,sim,,,sim,Torre de Menagem (OSM),,Localização do SIPA no centro do povoado. Existe um CNS com localização no povoado mas diz respeito a um achado fora do povoado e não medieval.
-7.13278723366934,40.5911739950842,52,Jarmelo,,266,Povoado Fortificado ,https://arqueologia.patrimoniocultural.pt/index.php?sid=sitios&subsid=47984,http://www.monumentos.gov.pt/Site/APP_PagesUser/SIPA.aspx?id=2915,https://servicos.dgpc.gov.pt/pesquisapatrimonioimovel/detalhes.php?code=74133,sim,,,,,sim,Ponto mais elevado (OSM),,"Na ficha SIPA refere-se que ""recinto compreende no ponto mais elevado o marco geodésico, talvez no local da antiga torre de menagem""."
-7.3917855375515,40.6371820428318,53,Celorico da Beira,,8088,Castelo ,https://arqueologia.patrimoniocultural.pt/index.php?sid=sitios&subsid=52572,http://www.monumentos.gov.pt/Site/APP_PagesUser/SIPA.aspx?id=1587,https://servicos.dgpc.gov.pt/pesquisapatrimonioimovel/detalhes.php?code=70710,sim,sim,,sim,,sim,Torre de Menagem (OSM),https://sketchfab.com/3d-models/castelo-celorico-da-beira-37004c25102c41ccad0b26dc5665c862,
-7.54631987168355,40.8153087839377,54,Aguiar da Beira,,15430,Atalaia ,https://arqueologia.patrimoniocultural.pt/index.php?sid=sitios&subsid=156232,http://www.monumentos.gov.pt/Site/APP_PagesUser/SIPA.aspx?id=5933,,sim,,,,,sim,Ponto mais elevado (OSM),,
-7.91148107092392,40.6597222759934,55,Viseu,,,,,,https://servicos.dgpc.gov.pt/pesquisapatrimonioimovel/detalhes.php?code=70675,sim,sim,,sim,sim,sim,"Localização baseada em Alves, Carlos (2018). Evolução da catedral de Viseu – da Época Medieval à Época Moderna. In Do Império ao Reino. Viseu e o território entre os séculos IV a XII, 131-148. Viseu: Câmara Municipal de Viseu. ",,Não existe um CNS ou ficha SIPA para o castelo. Existem para as portas/muralhas da cerca da cidade.
-7.904455,40.293117,56,Avô,,4483,Castelo ,https://arqueologia.patrimoniocultural.pt/index.php?sid=sitios&subsid=49989,http://www.monumentos.gov.pt/Site/APP_PagesUser/SIPA.aspx?id=2592,https://servicos.dgpc.gov.pt/pesquisapatrimonioimovel/detalhes.php?code=74996,sim,,,,,sim,Ficha do SIPA,,Coordenadas do Endovélico parecem desviadas do recinto do castelo.
-7.59391282568101,40.4940630065511,57,Gouveia,,35267,Necrópole ,https://arqueologia.patrimoniocultural.pt/index.php?sid=sitios&subsid=3222847,,,sim,,,,,sim,Localização no Bairro do Castelo,,"CNS não corresponde ao castelo mas ""vestígios localizar-se-iam junto ao castelo medieval de Gouveia""."
-7.46182941248803,40.5413834412941,58,Linhares,,1394,Castelo ,https://arqueologia.patrimoniocultural.pt/index.php?sid=sitios&subsid=58379,http://www.monumentos.gov.pt/Site/APP_PagesUser/SIPA.aspx?id=1402,https://servicos.dgpc.gov.pt/pesquisapatrimonioimovel/detalhes.php?code=70524,sim,,,,,sim,Torre de Menagem (OSM),,
-7.27151046468096,40.5374199798669,59,Guarda,,17978,Muralha ,https://arqueologia.patrimoniocultural.pt/index.php?sid=sitios&subsid=2169051,http://www.monumentos.gov.pt/Site/APP_PagesUser/SIPA.aspx?id=2918,https://servicos.dgpc.gov.pt/pesquisapatrimonioimovel/detalhes.php?code=71097,sim,,,sim,,sim,Torre de Menagem (OSM),,Existem vários CNS relacionados com a muralha medieval e um relativo à cidadela de cronologia moderna.
-6.91144220840982,40.3901925413772,60,Alfaiates,,11105,Castelo ,https://arqueologia.patrimoniocultural.pt/index.php?sid=sitios&subsid=54553,http://www.monumentos.gov.pt/Site/APP_PagesUser/SIPA.aspx?id=2960,https://servicos.dgpc.gov.pt/pesquisapatrimonioimovel/detalhes.php?code=71168,sim,,,,,sim,Torre de Menagem (OSM),,Sem coordenadas no Endovélico.
-6.94050808770248,40.4765681731687,61,Vilar Maior,,26458,Povoado ,https://arqueologia.patrimoniocultural.pt/index.php?sid=sitios&subsid=2622880,http://www.monumentos.gov.pt/Site/APP_PagesUser/SIPA.aspx?id=2963,https://servicos.dgpc.gov.pt/pesquisapatrimonioimovel/detalhes.php?code=72853,sim,,sim,,,sim,Torre de Menagem (OSM),,CNS é relativo a povoado e não inclui período medieval.
-7.09394350627926,40.3512758005889,62,Sabugal,,19180,Castelo ,https://arqueologia.patrimoniocultural.pt/index.php?sid=sitios&subsid=2217616,http://www.monumentos.gov.pt/Site/APP_PagesUser/SIPA.aspx?id=2961,https://servicos.dgpc.gov.pt/pesquisapatrimonioimovel/detalhes.php?code=70564,sim,,sim,,,sim,Torre de Menagem (OSM),https://sketchfab.com/3d-models/sabugal-castelo-8fff5589404040f5a35e9255312f9c18,
-7.21516432201169,40.3285169866541,63,Sortelha,,,,,http://www.monumentos.gov.pt/Site/APP_PagesUser/SIPA.aspx?id=1593,https://servicos.dgpc.gov.pt/pesquisapatrimonioimovel/detalhes.php?code=70735,sim,,,,,sim,Torre de Menagem (OSM),,Existe um ponto para o castelo mas não tem CNS (?) e não tem ficha. Não é o único problema em Sortelha.
-7.34832513617807,40.3592075074943,64,Belmonte,,8032,Castelo ,https://arqueologia.patrimoniocultural.pt/index.php?sid=sitios&subsid=52465,http://www.monumentos.gov.pt/Site/APP_PagesUser/SIPA.aspx?id=2543,https://servicos.dgpc.gov.pt/pesquisapatrimonioimovel/detalhes.php?code=70155,sim,,,,,sim,Torre de Menagem (OSM),,
-7.507339,40.280981,65,Covilhã,,42054,Estrutura ,https://arqueologia.patrimoniocultural.pt/index.php?sid=sitios&subsid=3772694,,https://servicos.dgpc.gov.pt/pesquisapatrimonioimovel/detalhes.php?code=74248,sim,,,sim,sim,sim,Ficha do Endovélico,,"CNS refere ""identificadas estruturas relacionadas com as muralhas da Covilhã."""
-7.49650611542057,40.0778033003559,66,Castelo Novo,,17532,Castelo ,https://arqueologia.patrimoniocultural.pt/index.php?sid=sitios&subsid=2144011,http://www.monumentos.gov.pt/site/app_pagesuser/sipa.aspx?id=2525,https://servicos.dgpc.gov.pt/pesquisapatrimonioimovel/detalhes.php?code=72062,sim,,,,,sim,Torre de Menagem (OSM),,
-7.16582971879341,40.1669876645133,67,Penamacor,,20212,Castelo ,https://arqueologia.patrimoniocultural.pt/index.php?sid=sitios&subsid=2307731,http://www.monumentos.gov.pt/site/app_pagesuser/sipa.aspx?id=844,https://servicos.dgpc.gov.pt/pesquisapatrimonioimovel/detalhes.php?code=73056,sim,,sim,,,sim,Torre de Menagem (OSM),,
-7.01582805099025,40.0430823034597,68,Penha Garcia,,,,,http://www.monumentos.gov.pt/site/app_pagesuser/sipa.aspx?id=8482,,sim,,sim,,,sim,Torre de Menagem (OSM),,
-7.11446277944398,40.0356718240579,69,Monsanto,,168,Castelo ,https://arqueologia.patrimoniocultural.pt/index.php?sid=sitios&subsid=47731,http://www.monumentos.gov.pt/site/app_pagesuser/sipa.aspx?id=3930,https://servicos.dgpc.gov.pt/pesquisapatrimonioimovel/detalhes.php?code=69865,sim,,sim,,sim,sim,Torre de Menagem,https://sketchfab.com/3d-models/castelo-de-monsanto-dragon-stone-from-hotd-a93940784ec243eb9cb6f27a8d3e7aec,
-7.14384687907312,39.9957239807001,70,Idanha-a-Velha,,12922,Muralha ,https://arqueologia.patrimoniocultural.pt/index.php?sid=sitios&subsid=57154,http://www.monumentos.gov.pt/site/app_pagesuser/sipa.aspx?id=9319,https://servicos.dgpc.gov.pt/pesquisapatrimonioimovel/detalhes.php?code=70554,sim,,,,,sim,Torre de Menagem (OSM),https://sketchfab.com/3d-models/aldeia-de-idanha-a-velha-620be09b60864466ad8654a02fb86553,CNS das muralhas que circundam toda a povoação.
-7.23672540941172,39.9199466812917,71,Idanha-a-Nova,,13390,Povoado ,https://arqueologia.patrimoniocultural.pt/index.php?sid=sitios&subsid=56867,http://www.monumentos.gov.pt/site/app_pagesuser/sipa.aspx?id=35643,,sim,,sim,,,sim,Centro do recinto (OSM),,CNS é do tipo povoado mas tem designação Castelo. A localização no Endovélico distante do recinto do castelo.
-7.4965353721904,39.8255291612561,72,Castelo Branco,,263,Castelo ,https://arqueologia.patrimoniocultural.pt/index.php?sid=sitios&subsid=54418,http://www.monumentos.gov.pt/site/app_pagesuser/sipa.aspx?id=2495,https://servicos.dgpc.gov.pt/pesquisapatrimonioimovel/detalhes.php?code=71175,sim,,sim,,,sim,Dentro do recinto (OSM),,Mesmo CNS tem coordenadas diferentes na ficha e no geoportal.
-6.980008,39.82656,73,Segura,,,,,http://www.monumentos.gov.pt/site/app_pagesuser/sipa.aspx?id=3988,https://servicos.dgpc.gov.pt/pesquisapatrimonioimovel/detalhes.php?code=73367,sim,,sim,,,sim,Ficha do SIPA,,
-6.914489,39.882494,74,Salvaterra,Castelo de Salvaterra do Extremo,,,,http://www.monumentos.gov.pt/site/app_pagesuser/sipa.aspx?id=8483,,sim,,sim,,,sim,Ficha do SIPA,,
-8.23543788459166,40.1005406299088,75,Lousã,,34169,Castelo ,https://arqueologia.patrimoniocultural.pt/index.php?sid=sitios&subsid=3107778,http://www.monumentos.gov.pt/Site/APP_PagesUser/SIPA.aspx?id=4260,https://servicos.dgpc.gov.pt/pesquisapatrimonioimovel/detalhes.php?code=70740,sim,,,sim,,sim,Torre de Menagem (OSM),,
-8.42307527877006,40.2079679404429,76,Coimbra,,37387,Castelo ,https://arqueologia.patrimoniocultural.pt/index.php?sid=sitios&subsid=3387608,http://www.monumentos.gov.pt/Site/APP_PagesUser/SIPA.aspx?id=2632,https://servicos.dgpc.gov.pt/pesquisapatrimonioimovel/detalhes.php?code=69864,sim,sim,,sim,sim,sim,"Localização baseada em Filipe, Sónia & Teixeira, Ricardo (2013). A intervenção arqueológica no Largo do Castelo de Coimbra: vestígios da Torre de Menagem. Abordagem preliminar dos resultados. In Isabel Cristina Ferreira Fernandes (coord.), Fortificações e Território na Península Ibérica e no Magreb (Séculos VI a XVI) – Volume I, p. 445-456. Lisboa: Edições Colibri & Campo Arqueológico de Mértola. ",,Ficha do SIPA é relativa à cerca.
-8.68268642157659,40.1756905681719,77,Montemor-o-Velho,,8431,Castelo ,https://arqueologia.patrimoniocultural.pt/index.php?sid=sitios&subsid=53014,http://www.monumentos.gov.pt/Site/APP_PagesUser/SIPA.aspx?id=2593,https://servicos.dgpc.gov.pt/pesquisapatrimonioimovel/detalhes.php?code=70442,sim,,,sim,sim,sim,Torre de Menagem (OSM),,
-8.58457926674756,40.2241157519052,78,Tentúgal,,,,,http://www.monumentos.gov.pt/Site/APP_PagesUser/SIPA.aspx?id=2588,https://servicos.dgpc.gov.pt/pesquisapatrimonioimovel/detalhes.php?code=74010,sim,,,,,sim,Torre (OSM),,
-8.62636437423351,40.0567268674964,79,Soure,,1532,Castelo ,https://arqueologia.patrimoniocultural.pt/index.php?sid=sitios&subsid=57861,http://www.monumentos.gov.pt/site/app_pagesuser/sipa.aspx?id=2708,https://servicos.dgpc.gov.pt/pesquisapatrimonioimovel/detalhes.php?code=70361,sim,,,,,sim,Torre de Menagem (OSM),,
-8.38994045525222,40.0312111630456,80,Penela,,20740,Castelo ,https://arqueologia.patrimoniocultural.pt/index.php?sid=sitios&subsid=2363619,http://www.monumentos.gov.pt/Site/APP_PagesUser/SIPA.aspx?id=1597,https://servicos.dgpc.gov.pt/pesquisapatrimonioimovel/detalhes.php?code=69810,sim,,,sim,,sim,Torre de Menagem (OSM),,
-8.62456935378129,39.9138107013024,81,Pombal,,31229,Castelo ,https://arqueologia.patrimoniocultural.pt/index.php?sid=sitios&subsid=2819721,http://www.monumentos.gov.pt/site/app_pagesuser/sipa.aspx?id=3279,https://servicos.dgpc.gov.pt/pesquisapatrimonioimovel/detalhes.php?code=71165,sim,,,,,sim,Torre de Menagem (OSM),,
-8.80965152713241,39.7469846562932,82,Leiria,,4523,Castelo ,https://arqueologia.patrimoniocultural.pt/index.php?sid=sitios&subsid=55865,http://www.monumentos.gov.pt/site/app_pagesuser/SIPA.aspx?id=3312,https://servicos.dgpc.gov.pt/pesquisapatrimonioimovel/detalhes.php?code=70548,sim,,,sim,,sim,Torre de Menagem (OSM),https://sketchfab.com/3d-models/leiria-castle-rawscan-360e98be90054d80a37b92a181e93859,
-8.81864729559448,39.6035787907727,83,Porto de Mós,,,,,http://www.monumentos.gov.pt/Site/APP_PagesUser/SIPA.aspx?id=5259,https://servicos.dgpc.gov.pt/pesquisapatrimonioimovel/detalhes.php?code=69870,sim,,,,,sim,Torre de Menagem (OSM),https://sketchfab.com/3d-models/castelo-de-porto-de-mos-2962f0b402e347fba326f58610e7c92a,
-8.59181161023556,39.6409319840631,84,Ourém,,17509,Castelo ,https://arqueologia.patrimoniocultural.pt/index.php?sid=sitios&subsid=2143295,http://www.monumentos.gov.pt/site/APP_PagesUser/SIPA.aspx?id=6401,https://servicos.dgpc.gov.pt/pesquisapatrimonioimovel/detalhes.php?code=69874,sim,,,,,sim,Torre de Menagem (OSM),https://sketchfab.com/3d-models/chateau-templier-de-ourem-portugal-9812734ada5c436a87d8e2910d38ca33,A localização é no Paço.
-8.41773461671144,39.6034704034901,85,Tomar,,3540,Castelo ,https://arqueologia.patrimoniocultural.pt/index.php?sid=sitios&subsid=49251,http://www.monumentos.gov.pt/site/app_pagesuser/sipa.aspx?id=3390,https://servicos.dgpc.gov.pt/pesquisapatrimonioimovel/detalhes.php?code=70473,sim,,,,,sim,Torre de Menagem (OSM),,
-8.38399414294493,39.4619728829793,86,Almourol,,11109,Castelo ,https://arqueologia.patrimoniocultural.pt/index.php?sid=sitios&subsid=54581,http://www.monumentos.gov.pt/site/app_pagesuser/sipa.aspx?id=3404,https://servicos.dgpc.gov.pt/pesquisapatrimonioimovel/detalhes.php?code=70469,sim,,,,,sim,Torre de Menagem (OSM),https://sketchfab.com/3d-models/castelo-de-almourol-e-convento-senhora-do-loreto-c2158cb0216643a08aa4a75306827c09,
-8.54081029307623,39.4802769989661,87,Torres Novas,,7715,Castelo ,https://arqueologia.patrimoniocultural.pt/index.php?sid=sitios&subsid=53109,http://www.monumentos.gov.pt/Site/APP_PagesUser/SIPA.aspx?id=1987,https://servicos.dgpc.gov.pt/pesquisapatrimonioimovel/detalhes.php?code=70606,sim,sim,,,sim,sim,Torre de Menagem (OSM),,Tradição identifica como Torre de Menagem mas volumetricamente pouco se diferencia das demais
-8.98217178187118,39.550240544486,88,Alcobaça,,2286,Castelo ,https://arqueologia.patrimoniocultural.pt/index.php?sid=sitios&subsid=54568,http://www.monumentos.gov.pt/site/app_pagesuser/sipa.aspx?id=1780,https://servicos.dgpc.gov.pt/pesquisapatrimonioimovel/detalhes.php?code=73654,sim,,,,,sim,Torre de Menagem (OSM),,
-9.11072723427495,39.5001348882934,89,Alfeizerão,,3388,Fortificação,https://arqueologia.patrimoniocultural.pt/index.php?sid=sitios&subsid=50192,http://www.monumentos.gov.pt/Site/APP_PagesUser/SIPA.aspx?id=6701,https://servicos.dgpc.gov.pt/pesquisapatrimonioimovel/detalhes.php?code=73602,sim,,,,,sim,Centro do recinto tal como surge na planta apresentada na ficha do SIPA.,,
-9.32535093991217,39.3402368229257,90,Atouguia,,,,,http://www.monumentos.gov.pt/Site/APP_PagesUser/SIPA.aspx?id=3338,https://servicos.dgpc.gov.pt/pesquisapatrimonioimovel/detalhes.php?code=70851,sim,,,,,sim,Torre de Menagem (OSM),,Torre é identificada como de menagem na ficha SIPA.
-9.15714933875384,39.3633238338044,91,Óbidos,,10950,Castelo ,https://arqueologia.patrimoniocultural.pt/index.php?sid=sitios&subsid=54074,http://www.monumentos.gov.pt/site/app_pagesuser/sipa.aspx?id=3324,https://servicos.dgpc.gov.pt/pesquisapatrimonioimovel/detalhes.php?code=70427,sim,,,sim,,sim,Torre de Menagem (OSM),,
-9.26121186619471,39.0948170229906,92,Torres Vedras,,1231,Castelo ,https://arqueologia.patrimoniocultural.pt/index.php?sid=sitios&subsid=47997,http://www.monumentos.gov.pt/Site/APP_PagesUser/SIPA.aspx?id=6348,https://servicos.dgpc.gov.pt/pesquisapatrimonioimovel/detalhes.php?code=74111,sim,sim,,,,sim,"No centro do Paço dos Alcaides, ponto mais elevado (OSM).",,"Na ficha do Endovélico é mencionada a existẽncia de uma ""torre de menagem, demolida para dar lugar ao novo Palácio dos Alcaides"". "
-9.010191,39.056796,93,Alenquer,,4088,Castelo ,https://arqueologia.patrimoniocultural.pt/index.php?sid=sitios&subsid=50460,http://www.monumentos.gov.pt/site/app_pagesuser/sipa.aspx?id=6265,https://servicos.dgpc.gov.pt/pesquisapatrimonioimovel/detalhes.php?code=73238,sim,sim,,sim,,sim,Ficha  do Endovélico,,
-8.82133270990879,39.4171495783916,94,Alcanede,,10978,Castelo ,https://arqueologia.patrimoniocultural.pt/index.php?sid=sitios&subsid=54232,http://www.monumentos.gov.pt/Site/APP_PagesUser/SIPA.aspx?id=1989,https://servicos.dgpc.gov.pt/pesquisapatrimonioimovel/detalhes.php?code=73606,sim,,,sim,,sim,Torre de Menagem (OSM),,
-8.67615,39.233867,95,Santarém,,85,Vestígios Diversos,https://arqueologia.patrimoniocultural.pt/index.php?sid=sitios&subsid=56193,http://www.monumentos.gov.pt/Site/APP_PagesUser/SIPA.aspx?id=3398,https://servicos.dgpc.gov.pt/pesquisapatrimonioimovel/detalhes.php?code=72656,sim,sim,,sim,sim,sim,Ficha  do Endovélico,,CNS é da Alcáçova.
-8.19452992629568,39.4643404993478,96,Abrantes,,3643,Castelo ,https://arqueologia.patrimoniocultural.pt/index.php?sid=sitios&subsid=54141,http://www.monumentos.gov.pt/Site/APP_PagesUser/SIPA.aspx?id=3381,https://servicos.dgpc.gov.pt/pesquisapatrimonioimovel/detalhes.php?code=73848,sim,,,,sim,sim,Torre de Menagem (OSM),,
-7.96097097813223,39.4938209314939,97,Belver,,42447,Castelo ,https://arqueologia.patrimoniocultural.pt/index.php?sid=sitios&subsid=3808941,http://www.monumentos.gov.pt/site/APP_PagesUser/SIPA.aspx?id=4574,https://servicos.dgpc.gov.pt/pesquisapatrimonioimovel/detalhes.php?code=70546,sim,sim,,,,sim,Torre de Menagem (OSM),,
-7.81615235819928,39.5082113933688,98,Amieira,,1816,Castelo ,https://arqueologia.patrimoniocultural.pt/index.php?sid=sitios&subsid=48115,http://www.monumentos.gov.pt/site/APP_PagesUser/SIPA.aspx?id=4576,https://servicos.dgpc.gov.pt/pesquisapatrimonioimovel/detalhes.php?code=70244,sim,sim,,sim,,sim,Torre de Menagem (OSM),,
-7.647203,39.51831,99,Nisa,,4949,Castelo ,https://arqueologia.patrimoniocultural.pt/index.php?sid=sitios&subsid=51094,http://www.monumentos.gov.pt/site/app_pagesuser/sipa.aspx?id=4575,https://servicos.dgpc.gov.pt/pesquisapatrimonioimovel/detalhes.php?code=70113,sim,,sim,,,sim,Ficha  do Endovélico,,Localização do Endovélico fica nas Portas de Montalvão.
-7.618498,39.418047,100,Alpalhão,,,,,http://www.monumentos.gov.pt/site/app_pagesuser/sipa.aspx?id=14241,,sim,,sim,,,sim,Ficha do SIPA,,Desaparecido. Rua do Castelo próxima da localização do SIPA.
-7.45782802900478,39.4175380533737,101,Castelo de Vide,,4786,Castelo ,https://arqueologia.patrimoniocultural.pt/index.php?sid=sitios&subsid=58425,http://www.monumentos.gov.pt/Site/APP_PagesUser/SIPA.aspx?id=4572,https://servicos.dgpc.gov.pt/pesquisapatrimonioimovel/detalhes.php?code=70446,sim,,sim,sim,,sim,Torre de Menagem (OSM),https://sketchfab.com/3d-models/castelo-de-vide-rawscan-49fea9cb82b740c584861b3644f8de84,
-7.37999354224871,39.3968876548805,102,Marvão,,30243,Castelo ,https://arqueologia.patrimoniocultural.pt/index.php?sid=sitios&subsid=2744592,http://www.monumentos.gov.pt/Site/APP_PagesUser/SIPA.aspx?id=3234,https://servicos.dgpc.gov.pt/pesquisapatrimonioimovel/detalhes.php?code=70363,sim,,sim,sim,,sim,Torre de Menagem (OSM),https://sketchfab.com/3d-models/chateau-de-marvao-portugal-2aac2ff49e95452c8df533a30a32b5a0,
-7.43030958176225,39.290936313032,103,Portalegre,,23368,Castelo ,https://arqueologia.patrimoniocultural.pt/index.php?sid=sitios&subsid=2538298,http://www.monumentos.gov.pt/Site/APP_PagesUser/SIPA.aspx?id=3243,https://servicos.dgpc.gov.pt/pesquisapatrimonioimovel/detalhes.php?code=70706,sim,sim,sim,,,sim,Torre de Menagem (OSM),,
-7.64291,39.284608,104,Crato,,7632,Castelo ,https://arqueologia.patrimoniocultural.pt/index.php?sid=sitios&subsid=55866,http://www.monumentos.gov.pt/Site/APP_PagesUser/SIPA.aspx?id=4568,https://servicos.dgpc.gov.pt/pesquisapatrimonioimovel/detalhes.php?code=73623,sim,sim,,sim,,sim,Ficha do SIPA,,Endovélico sem localização.
-7.65898676711955,39.1989828143792,105,Alter do Chão,,15521,Castelo ,https://arqueologia.patrimoniocultural.pt/index.php?sid=sitios&subsid=158271,http://www.monumentos.gov.pt/Site/APP_PagesUser/SIPA.aspx?id=3236,https://servicos.dgpc.gov.pt/pesquisapatrimonioimovel/detalhes.php?code=70689,sim,sim,,,,sim,Torre de Menagem (OSM),,
-7.32397080426186,39.2369846659035,106,Alegrete,,,,,http://www.monumentos.gov.pt/Site/APP_PagesUser/SIPA.aspx?id=3239,https://servicos.dgpc.gov.pt/pesquisapatrimonioimovel/detalhes.php?code=71109,sim,,sim,sim,,sim,Torre de Menagem (OSM),,
-7.43997457818631,39.0521043395276,107,Monforte,,16297,Castelo ,https://arqueologia.patrimoniocultural.pt/index.php?sid=sitios&subsid=176383,http://www.monumentos.gov.pt/Site/APP_PagesUser/SIPA.aspx?id=14240,,sim,sim,sim,,,sim,Torre de Menagem (OSM),,Ficha do SIPA identifica a Torre do Relógio como Torre de Menagem.
-7.88854206084105,39.0559064001076,108,Avis,,16112,Castelo ,https://arqueologia.patrimoniocultural.pt/index.php?sid=sitios&subsid=171884,http://www.monumentos.gov.pt/site/APP_PagesUser/SIPA.aspx?id=4571,https://servicos.dgpc.gov.pt/pesquisapatrimonioimovel/detalhes.php?code=71163,sim,,,,,sim,Na área onde ficaria Torre de Menagem (OSM),,"Ficha do SIPA localiza na porta perto da Torre da Rainha. Endovélico localiza no meio da muralha norte. De acordo com ficha SIPA, a Torre ficaria anexa ao Convento de São Bento."
-7.07226813729575,39.0111683583109,109,Campo Maior,,38470,Fortificação,https://arqueologia.patrimoniocultural.pt/index.php?sid=sitios&subsid=3516202,http://www.monumentos.gov.pt/Site/APP_PagesUser/SIPA.aspx?id=3756,https://servicos.dgpc.gov.pt/pesquisapatrimonioimovel/detalhes.php?code=71110,sim,sim,sim,,,sim,"Localização aproximada da Torre de Menagem, baseada nas vistas apresentadas em Macias, Santiago (2021). Duarte Darmas: do cálamo ao drone. Mértola: MultiCulti – Culturas do Mediterrâneo.",,CNS é da época Moderna. Localização do Endovélico fica nas muralhas de época moderna. Localização do SIPA fica mais perto do castelo mas do lado oposto onde ficaria a Torre de Menagem.
-7.03150699001292,39.0789293570302,110,Ouguela,,11446,Castelo ,https://arqueologia.patrimoniocultural.pt/index.php?sid=sitios&subsid=54747,http://www.monumentos.gov.pt/site/APP_PagesUser/SIPA.aspx?id=3240,https://servicos.dgpc.gov.pt/pesquisapatrimonioimovel/detalhes.php?code=74384,sim,,sim,,,sim,Torre de Menagem (OSM),,
-7.16343677237926,38.8834070237369,111,Elvas,,5540,Castelo ,https://arqueologia.patrimoniocultural.pt/index.php?sid=sitios&subsid=50898,http://www.monumentos.gov.pt/Site/APP_PagesUser/SIPA.aspx?id=3225,https://servicos.dgpc.gov.pt/pesquisapatrimonioimovel/detalhes.php?code=70566,sim,sim,sim,sim,sim,sim,Torre de Menagem (OSM),,
-7.09923840628645,38.6853071301333,112,Olivença,,,,,,,sim,,sim,,,sim,Torre de Menagem (OSM),,
-7.41504560002497,38.7798000142019,113,Vila Viçosa,,,,,http://www.monumentos.gov.pt/site/app_pagesuser/sipa.aspx?id=3927,https://servicos.dgpc.gov.pt/pesquisapatrimonioimovel/detalhes.php?code=69862,sim,sim,,sim,,sim,Torre de Menagem (OSM),,"Segundo a ficha SIPA, a torre albarrã é erroneamente designada por torre de menagem desde o século 17."
-7.45616656388664,38.8052286222376,114,Borba,,,,,http://monumentos.pt/Site/APP_PagesUser/SIPA.aspx?id=4776,https://servicos.dgpc.gov.pt/pesquisapatrimonioimovel/detalhes.php?code=73716,sim,sim,,,,sim,Torre de Menagem (OSM),,
-7.23902775284876,38.7383667287003,115,Juromenha,,6056,Castelo ,https://arqueologia.patrimoniocultural.pt/index.php?sid=sitios&subsid=53659,http://www.monumentos.gov.pt/site/app_pagesuser/SIPA.aspx?id=4461,https://servicos.dgpc.gov.pt/pesquisapatrimonioimovel/detalhes.php?code=72308,sim,,sim,,,sim,Localização aproximada da Torre de Menagem (OSM),https://sketchfab.com/3d-models/castle-in-juromenha-portugal-502fe9464a404d1f91874559e4c34940,
-7.59224502101587,38.8418307375819,116,Estremoz,,,,,http://www.monumentos.gov.pt/Site/APP_PagesUser/SIPA.aspx?id=1152,https://servicos.dgpc.gov.pt/pesquisapatrimonioimovel/detalhes.php?code=70461,sim,sim,,,,sim,Torre de Menagem (OSM),,
-7.7158122802488,38.7718245462654,117,Évora-Monte,,21137,Castelo ,https://arqueologia.patrimoniocultural.pt/index.php?sid=sitios&subsid=2384763,http://www.monumentos.gov.pt/Site/APP_PagesUser/SIPA.aspx?id=2720,https://servicos.dgpc.gov.pt/pesquisapatrimonioimovel/detalhes.php?code=70670,sim,,,,,sim,Torre de Menagem (OSM),https://sketchfab.com/3d-models/modelo-3d-do-castelo-de-evoramonte-e8fa8296d96f4a9fb330151377032a77,
-7.98745910441545,38.7250891023366,118,Arraiolos,,10110,Povoado Fortificado ,https://arqueologia.patrimoniocultural.pt/index.php?sid=sitios&subsid=53140,http://www.monumentos.gov.pt/Site/APP_PagesUser/SIPA.aspx?id=2719,https://servicos.dgpc.gov.pt/pesquisapatrimonioimovel/detalhes.php?code=70486,sim,,,,sim,sim,Torre de Menagem (OSM),,
-8.21789787261596,38.6416811918201,119,Montemor-o-Novo,,5525,Castelo ,https://arqueologia.patrimoniocultural.pt/index.php?sid=sitios&subsid=50841,http://www.monumentos.gov.pt/site/APP_PagesUser/SIPA.aspx?id=7875,https://servicos.dgpc.gov.pt/pesquisapatrimonioimovel/detalhes.php?code=70440,sim,,,,sim,sim,Torre de Menagem (OSM),https://sketchfab.com/3d-models/modelo-3d-do-castelo-de-montemor-o-novo-0201b5e455ba49bb92f617ad9cde846b,
-7.90706116656854,38.5723261646384,120,Évora,,,,,http://www.monumentos.gov.pt/site/app_pagesuser/sipa.aspx?id=3822,https://servicos.dgpc.gov.pt/pesquisapatrimonioimovel/detalhes.php?code=69776,sim,sim,,sim,,sim,Ponto central e elevado (OSM),,
-7.54327715206086,38.6496215070984,121,Redondo,,32422,Castelo ,https://arqueologia.patrimoniocultural.pt/index.php?sid=sitios&subsid=2938657,http://www.monumentos.gov.pt/Site/APP_PagesUser/SIPA.aspx?id=1164,https://servicos.dgpc.gov.pt/pesquisapatrimonioimovel/detalhes.php?code=70381,sim,sim,,,,sim,Torre de Menagem (OSM),,
-7.40381134707476,38.7017967955298,122,Alandroal,,2124,Povoado Fortificado ,https://arqueologia.patrimoniocultural.pt/index.php?sid=sitios&subsid=48799,http://www.monumentos.gov.pt/site/APP_PagesUser/SIPA.aspx?id=4360,https://servicos.dgpc.gov.pt/pesquisapatrimonioimovel/detalhes.php?code=70281,sim,sim,sim,sim,,sim,Torre de Menagem (OSM),https://sketchfab.com/3d-models/castelo-alandroal-f70b67ad9d864324abab180835de06f7,
-7.40742432554094,38.6213023483765,123,Terena,,,,,http://www.monumentos.gov.pt/site/APP_PagesUser/SIPA.aspx?id=4432,https://servicos.dgpc.gov.pt/pesquisapatrimonioimovel/detalhes.php?code=70190,sim,,sim,sim,,sim,Torre de Menagem (OSM),https://sketchfab.com/3d-models/castelo-de-terena-fede1d956d3a44c3a14825d7c964b326,
-7.38160522337814,38.442341642695,124,Monsaraz,,27360,Castelo ,https://arqueologia.patrimoniocultural.pt/index.php?sid=sitios&subsid=2638209,http://www.monumentos.gov.pt/Site/APP_PagesUser/SIPA.aspx?id=30751,https://servicos.dgpc.gov.pt/pesquisapatrimonioimovel/detalhes.php?code=70568,sim,sim,sim,,,sim,Torre de Menagem (OSM),,
-7.34674342848068,38.3848477474394,125,Mourão,,10945,Castelo ,https://arqueologia.patrimoniocultural.pt/index.php?sid=sitios&subsid=54033,http://www.monumentos.gov.pt/Site/APP_PagesUser/SIPA.aspx?id=1242,https://servicos.dgpc.gov.pt/pesquisapatrimonioimovel/detalhes.php?code=74480,sim,,sim,sim,,sim,Torre de Menagem (OSM),https://sketchfab.com/3d-models/castelo-de-mourao-clean-7efef2c601bb4cb1b429c6edf2375ca2,
-7.65106970427464,38.5171341715716,126,Valongo,Castelo Real,1097,Fortificação,https://arqueologia.patrimoniocultural.pt/index.php?sid=sitios&subsid=47613,http://www.monumentos.gov.pt/site/app_pagesuser/sipa.aspx?id=3939,https://servicos.dgpc.gov.pt/pesquisapatrimonioimovel/detalhes.php?code=70385,sim,,,,,sim,Torre de Menagem (OSM),https://sketchfab.com/3d-models/castelo-de-valongo-a3f85a3a9e3d42fb9d32030990be11c4,
-8.00167584712023,38.3321881435653,127,Viana do Alentejo,,16844,Castelo ,https://arqueologia.patrimoniocultural.pt/index.php?sid=sitios&subsid=2095947,http://www.monumentos.gov.pt/Site/APP_PagesUser/SIPA.aspx?id=4802,https://servicos.dgpc.gov.pt/pesquisapatrimonioimovel/detalhes.php?code=70379,sim,,,,,sim,No centro do recinto (OSM),,As coordenadas identificadas no Endovélico não são as da localização do ponto.
-7.99218072086657,38.258062214333,128,Alvito,,4070,Castelo ,https://arqueologia.patrimoniocultural.pt/index.php?sid=sitios&subsid=58485,http://www.monumentos.gov.pt/Site/APP_PagesUser/SIPA.aspx?id=304,https://servicos.dgpc.gov.pt/pesquisapatrimonioimovel/detalhes.php?code=70457,sim,,,,,sim,Torre de Menagem (OSM),,
-7.70243379440951,38.30923548904,129,Portel,,,,,http://monumentos.pt/Site/APP_PagesUser/SIPA.aspx?id=6510,https://servicos.dgpc.gov.pt/pesquisapatrimonioimovel/detalhes.php?code=71148,sim,sim,,,,sim,Torre de Menagem (OSM),https://sketchfab.com/3d-models/castelo-de-portel-86b317217961471b96e6f424497eee8b,
-7.451424399483,38.1435665554545,130,Moura,,152,Castelo ,https://arqueologia.patrimoniocultural.pt/index.php?sid=sitios&subsid=53771,http://www.monumentos.gov.pt/Site/APP_PagesUser/SIPA.aspx?id=993,https://servicos.dgpc.gov.pt/pesquisapatrimonioimovel/detalhes.php?code=74033,sim,,sim,,,sim,Torre de Menagem (OSM),,
-7.06270333716538,38.1777851497012,131,Noudar,,988,Castelo ,https://arqueologia.patrimoniocultural.pt/index.php?sid=sitios&subsid=57000,http://www.monumentos.gov.pt/site/APP_PagesUser/SIPA.aspx?id=898,https://servicos.dgpc.gov.pt/pesquisapatrimonioimovel/detalhes.php?code=70654,sim,,sim,sim,,sim,Torre de Menagem (OSM),,
-7.86553144692454,38.0173442053956,132,Beja,,11104,Castelo ,https://arqueologia.patrimoniocultural.pt/index.php?sid=sitios&subsid=54530,http://www.monumentos.gov.pt/site/app_pagesuser/SIPA.aspx?id=906,https://servicos.dgpc.gov.pt/pesquisapatrimonioimovel/detalhes.php?code=69867,sim,sim,,sim,,sim,Torre de Menagem (OSM),,
-7.59720849453915,37.9444757512335,133,Serpa,,2543,Castelo ,https://arqueologia.patrimoniocultural.pt/index.php?sid=sitios&subsid=54824,http://www.monumentos.gov.pt/site/app_pagesuser/SIPA.aspx?id=579,https://servicos.dgpc.gov.pt/pesquisapatrimonioimovel/detalhes.php?code=70215,sim,,sim,sim,,sim,Torre de Menagem (OSM),,
-7.66461879366635,37.6383138416224,134,Mértola,,40,Castelo ,https://arqueologia.patrimoniocultural.pt/index.php?sid=sitios&subsid=47540,http://www.monumentos.gov.pt/site/APP_PagesUser/SIPA.aspx?id=1045,https://servicos.dgpc.gov.pt/pesquisapatrimonioimovel/detalhes.php?code=70160,sim,sim,sim,sim,,sim,Torre de Menagem (OSM),,
-8.06196173490637,37.5120674100061,135,Almodôvar,,24265,Povoado,https://arqueologia.patrimoniocultural.pt/index.php?sid=sitios&subsid=2568586,,,sim,,,,,sim,Ficha do Endovélico,,"Desaparecido. No Endovélico refere-se ""este parece o local mais plausivel para a implantação da fortificação medieval da vila da Almodôvar, referida no foral dionisino""."
-7.47194704424742,37.4705573340327,136,Alcoutim,,2650,Castelo ,https://arqueologia.patrimoniocultural.pt/index.php?sid=sitios&subsid=57468,http://monumentos.pt/Site/APP_PagesUser/SIPA.aspx?id=2820,https://servicos.dgpc.gov.pt/pesquisapatrimonioimovel/detalhes.php?code=73247,sim,,sim,sim,,sim,Centro do recinto (OSM),,"Não distante surge o Castelo Velho de Alcoutim., medieval mas de cronologia anterior."
-7.44149813754162,37.2185938744156,137,Castro Marim,,133,Castelo ,https://arqueologia.patrimoniocultural.pt/index.php?sid=sitios&subsid=55236,http://www.monumentos.gov.pt/site/APP_PagesUser/SIPA.aspx?id=2825,https://servicos.dgpc.gov.pt/pesquisapatrimonioimovel/detalhes.php?code=70377,sim,,sim,,,sim,Torre de Menagem (OSM),,
-7.65122410346557,37.125488117798,138,Tavira,,42277,Castelo ,https://arqueologia.patrimoniocultural.pt/index.php?sid=sitios&subsid=3788238,http://www.monumentos.gov.pt/Site/APP_PagesUser/SIPA.aspx?id=2833,https://servicos.dgpc.gov.pt/pesquisapatrimonioimovel/detalhes.php?code=70656,sim,,,,,sim,Torre de Menagem (OSM),,
-7.54545815031863,37.1571554433574,139,Cacela,,23732,Fortificação,https://arqueologia.patrimoniocultural.pt/index.php?sid=sitios&subsid=2555702,http://www.monumentos.gov.pt/Site/APP_PagesUser/SIPA.aspx?id=29536,https://servicos.dgpc.gov.pt/pesquisapatrimonioimovel/detalhes.php?code=72984,sim,,,,,sim,Centro do recinto (OSM),,
-8.023912,37.139504,140,Loulé,,59,Castelo ,https://arqueologia.patrimoniocultural.pt/index.php?sid=sitios&subsid=47548,http://www.monumentos.gov.pt/site/APP_PagesUser/SIPA.aspx?id=1283,https://servicos.dgpc.gov.pt/pesquisapatrimonioimovel/detalhes.php?code=70497,sim,,,sim,,sim,Ficha do Endovélico,,
-8.43755245935867,37.1916402789652,141,Silves,,46,Castelo ,https://arqueologia.patrimoniocultural.pt/index.php?sid=sitios&subsid=56512,http://www.monumentos.gov.pt/Site/APP_PagesUser/SIPA.aspx?id=1288,https://servicos.dgpc.gov.pt/pesquisapatrimonioimovel/detalhes.php?code=70541,sim,,,sim,,sim,Torre de Menagem (OSM),,
-8.593536,37.129267,142,Alvor,Castelo de Albur,5290,Castelo ,https://arqueologia.patrimoniocultural.pt/index.php?sid=sitios&subsid=51996,http://www.monumentos.gov.pt/site/app_pagesuser/SIPA.aspx?id=1297,https://servicos.dgpc.gov.pt/pesquisapatrimonioimovel/detalhes.php?code=72957,sim,,,,,sim,Ficha do Endovélico,,Destruído.
-8.80525278777294,37.3162913861249,143,Aljezur,,5412,Castelo ,https://arqueologia.patrimoniocultural.pt/index.php?sid=sitios&subsid=57702,http://www.monumentos.gov.pt/site/app_pagesuser/SIPA.aspx?id=2813,https://servicos.dgpc.gov.pt/pesquisapatrimonioimovel/detalhes.php?code=74149,sim,,,,,sim ,Centro do recinto (OSM),https://sketchfab.com/3d-models/aljezur-castle-algarve-portugal-3d-scan-0e2c4bab8f9b438aa7509104a9749044,
-8.69836233333678,38.014462452084,144,Santiago do Cacém,,1694,Silo,https://arqueologia.patrimoniocultural.pt/index.php?sid=sitios&subsid=54006,http://www.monumentos.gov.pt/site/APP_PagesUser/SIPA.aspx?id=3428,https://servicos.dgpc.gov.pt/pesquisapatrimonioimovel/detalhes.php?code=70441,sim,,,,,sim,Torre de Menagem (OSM),https://sketchfab.com/3d-models/castelo-de-santiago-do-cacem-4a0656866d754052a1211d11134c86ec,
-8.51273287611582,38.3726552105599,145,Alcácer do Sal,,159,Castelo ,https://arqueologia.patrimoniocultural.pt/index.php?sid=sitios&subsid=47726,http://www.monumentos.gov.pt/site/app_pagesuser/SIPA.aspx?id=3440,https://servicos.dgpc.gov.pt/pesquisapatrimonioimovel/detalhes.php?code=70159,sim,,,sim,,sim,Centro do recinto (OSM),,
-9.10677861231999,38.4528059831689,146,Sesimbra,,354,Castelo ,https://arqueologia.patrimoniocultural.pt/index.php?sid=sitios&subsid=56106,http://www.monumentos.gov.pt/site/APP_PagesUser/SIPA.aspx?id=6525,https://servicos.dgpc.gov.pt/pesquisapatrimonioimovel/detalhes.php?code=70544,sim,,,,,sim,Torre de Menagem (OSM),,
-8.90025680559658,38.5661627672719,147,Palmela,,2957,Castelo ,https://arqueologia.patrimoniocultural.pt/index.php?sid=sitios&subsid=49274,http://www.monumentos.gov.pt/Site/APP_PagesUser/SIPA.aspx?id=4075,https://servicos.dgpc.gov.pt/pesquisapatrimonioimovel/detalhes.php?code=70171,sim,sim,,,,sim,Torre de Menagem (OSM),https://sketchfab.com/3d-models/modelo-3d-castelo-de-palmela-44a7e80f8eb34fa8b6036ebc7b1495c0,
-8.528146,38.95895,148,Coruche,,28203,Habitat,https://arqueologia.patrimoniocultural.pt/index.php?sid=sitios&subsid=2654708,,,sim,,,,,sim,Ficha do Endovélico,,"Ficha do Endovélico: No esporão no qual se implantou a Igreja da Senhora do Castelo, e em que se encontrava o castelo."
-8.366355,38.77612,149,Lavar (Lavre),Castelo do Outeiro,15221,Castelo,https://arqueologia.patrimoniocultural.pt/index.php?sid=sitios&subsid=152297,,,sim,,,,,sim,Ficha do Endovélico,,Dentro de Lavre (Lavar) existe um Castelo do Outeiro. Poderá ser este o Castelo de Lavar?
-8.20047516714432,37.1571088473306,150,Paderne,,3284,Castelo ,https://arqueologia.patrimoniocultural.pt/index.php?sid=sitios&subsid=49968,http://www.monumentos.gov.pt/Site/APP_PagesUser/SIPA.aspx?id=2602,https://servicos.dgpc.gov.pt/pesquisapatrimonioimovel/detalhes.php?code=74129,sim,,,,,sim,Centro do recinto (OSM),https://sketchfab.com/3d-models/castelo-de-paderne-e28d5a52e96c40078d70d0227ba94826,
-8.251552,37.08798,151,Albufeira,,3613,Castelo ,https://arqueologia.patrimoniocultural.pt/index.php?sid=sitios&subsid=49408,http://www.monumentos.gov.pt/site/app_pagesuser/SIPA.aspx?id=15571,,sim,,,sim,,sim,Ficha do Endovélico,,
-8.386467,37.095742,152,Porches,,10859,Fortificação,https://arqueologia.patrimoniocultural.pt/index.php?sid=sitios&subsid=53912,http://www.monumentos.gov.pt/site/app_pagesuser/SIPA.aspx?id=2821,,sim,,,,,sim,Ficha do Endovélico,,Também existe um CNS para Castelo de Porches (10846) muito próximo mas não parece ser o castelo da rede.
-8.66940409641156,37.0992062212618,153,Lagos,Castelo dos Governadores,1973,Fortificação,https://arqueologia.patrimoniocultural.pt/index.php?sid=sitios&subsid=58302,http://www.monumentos.gov.pt/Site/APP_PagesUser/SIPA.aspx?id=1285,https://servicos.dgpc.gov.pt/pesquisapatrimonioimovel/detalhes.php?code=70535,sim,,,,,sim,Porta de São Gonçalo (OSM),,Portas da localização pertencem à Cerca Antiga ou Cerca Medieval.
-7.93380775199963,37.0117646551787,154,Faro,,12635,Estrutura,https://arqueologia.patrimoniocultural.pt/index.php?sid=sitios&subsid=55965,http://www.monumentos.gov.pt/Site/APP_PagesUser/SIPA.aspx?id=1316,https://servicos.dgpc.gov.pt/pesquisapatrimonioimovel/detalhes.php?code=74878,sim,,,,,sim,Antiga Fábrica de Cerveja (OSM),,"Ficha do Endovélico: ""Este edifício estará situado na área da alcáçova islâmica (edificada no século IX) / castelo cristão (do qual se identificaram vestígios dos alicerces da torre de menagem)""."
-8.643082,37.59708,155,Odemira,,10946,Povoado Fortificado ,https://arqueologia.patrimoniocultural.pt/index.php?sid=sitios&subsid=54034,http://www.monumentos.gov.pt/Site/APP_PagesUser/SIPA.aspx?id=998,https://servicos.dgpc.gov.pt/pesquisapatrimonioimovel/detalhes.php?code=73127,sim,,,,,sim,Ficha do SIPA,,Restam vestígios das muralhas na zona mais elevada da vila (o cerro do Peguinho).
-8.86644859235009,37.9556537811862,156,Sines,,4173,Castelo ,https://arqueologia.patrimoniocultural.pt/index.php?sid=sitios&subsid=56014,http://www.monumentos.gov.pt/Site/APP_PagesUser/SIPA.aspx?id=3451,https://servicos.dgpc.gov.pt/pesquisapatrimonioimovel/detalhes.php?code=74109,sim,,,,,sim,Torre de Menagem (OSM),,
-7.2830258297845,39.1236996083934,157,Arronches,Fortaleza de Arronches,12412,Fortificação,https://arqueologia.patrimoniocultural.pt/index.php?sid=sitios&subsid=55644,http://www.monumentos.gov.pt/Site/APP_PagesUser/SIPA.aspx?id=1861,https://servicos.dgpc.gov.pt/pesquisapatrimonioimovel/detalhes.php?code=75020,sim,sim,sim,sim,,sim,Torre da Cadeia (OSM),,"Ficha do Endovélico: Da construção dionisiana de 1310 apenas subsiste uma torre, a ""Torre da Cadeia""."
-7.390438,39.140847,158,Assumar,,,,,http://www.monumentos.gov.pt/Site/APP_PagesUser/SIPA.aspx?id=28621,,sim,,sim,,sim,sim,Ficha do SIPA,,"Existem algumas referências (sem fontes identificadas) a vestígios da muralha perto da localização assinalada (na Rua do Jogo da Bola, perto da Rua do Açougue)."
-7.50853997862169,38.9529961323988,159,Veiros,,,,,http://www.monumentos.gov.pt/Site/APP_PagesUser/SIPA.aspx?id=3952,https://servicos.dgpc.gov.pt/pesquisapatrimonioimovel/detalhes.php?code=73330,sim,sim,,,,sim,Torre de Menagem (OSM),,
-9.15576012603683,38.6846968212816,160,Almada,,40184,Castelo ,https://arqueologia.patrimoniocultural.pt/index.php?sid=sitios&subsid=3645097,,,sim,sim,,sim,,sim,Centro do recinto (OSM),,Ficha Endovélico sem localização.
-9.316185,39.243695,161,Lourinhã,,38593,Castelo ,https://arqueologia.patrimoniocultural.pt/index.php?sid=sitios&subsid=3523111,,,sim,,,,,sim,Ficha do Endovélico,,"Ficha do Endovélico: Igreja de Nossa Senhora do Castelo terá sido edificada no interior das muralhas do castelo. Localização do Endovélico é próxima da da Igreja, num plano ligeiramente mais elevado."
-8.94976566843851,39.6273857794159,162,Alpedriz,,,,,,,sim,,,,,sim,Adro da Igreja (OSM),,Desaparecido.
-9.33830193236188,38.9363432458062,163,Mafra,,4573,Castelo ,https://arqueologia.patrimoniocultural.pt/index.php?sid=sitios&subsid=50149,,,sim,,,,,sim,Palácio dos Marqueses (OSM),,"Na Ficha do Endovélico sugere-se:  torre de menagem, situável na área do atual Palácio dos Marqueses de Ponte de Lima."
-9.38850257652179,38.7930144754149,164,Sintra,,35,Habitat,https://arqueologia.patrimoniocultural.pt/index.php?sid=sitios&subsid=55132,http://www.monumentos.gov.pt/Site/APP_PagesUser/SIPA.aspx?id=4641,https://servicos.dgpc.gov.pt/pesquisapatrimonioimovel/detalhes.php?code=336929,sim,,sim,,,sim,Torre de Menagem (OSM),,
-9.13315452646689,38.7136942572208,165,Lisboa,,,,,http://www.monumentos.gov.pt/site/app_pagesuser/sipa.aspx?id=3128,https://servicos.dgpc.gov.pt/pesquisapatrimonioimovel/detalhes.php?code=70523,sim,sim,,sim,,sim,Torre de Menagem (OSM),,
-9.42073507559721,38.6965182572834,166,Cascais,,,,,http://www.monumentos.gov.pt/site/app_pagesuser/SIPA.aspx?id=2551,https://servicos.dgpc.gov.pt/pesquisapatrimonioimovel/detalhes.php?code=74726,sim,,,,,sim,Localização da Torre-porta da muralha medieval de Cascais (OSM),,
-8.624433,41.139597,167,Gaia,,2989,Castelo ,https://arqueologia.patrimoniocultural.pt/index.php?sid=sitios&subsid=58452,http://www.monumentos.gov.pt/site/app_pagesuser/SIPA.aspx?id=5364,https://servicos.dgpc.gov.pt/pesquisapatrimonioimovel/detalhes.php?code=74135,sim,sim,,,,sim,Ficha do Endovélico,,
-8.54256432483181,40.9208174550382,168,Feira,,6371,Castelo ,https://arqueologia.patrimoniocultural.pt/index.php?sid=sitios&subsid=59195,http://www.monumentos.gov.pt/Site/APP_PagesUser/SIPA.aspx?id=1040,https://servicos.dgpc.gov.pt/pesquisapatrimonioimovel/detalhes.php?code=70478,sim,,,,,sim,Torre de Menagem (OSM),https://sketchfab.com/3d-models/castle-santa-maria-da-feira-portugal-66ba184479dc4973ab2ea7201be63ea8,
-7.69910454205315,40.3901766732754,169,São Romão,,2983,Povoado Fortificado,https://arqueologia.patrimoniocultural.pt/index.php?sid=sitios&subsid=56098,,,sim,,,,,sim,"Ponto mais elevado, próximo do Castro de São Romão (OSM)",,"Optámos por localizar no Castro de São Romão. Não foram encontradas outras referências a castelo. No entanto, CNS não inclui cronologia medieval."
-8.00025191566796,41.3868428227485,170,Celorico de Basto,,,,,,,sim,,,,,sim,Local central da localidade (OSM),,Não foram encontradas referências adicionais a este castelo. A designação Castelo de Celorico de Basto é muitas vezes utilizada como sinónimo de Arnoia mas nas fontes ( mapas das referências) existem os dois.
-7.45005473257953,41.8407209836103,171,Vilarelho da Raia,,,,,,,sim,,,sim,,sim,Localização aproximada do topónimo Castelo na rota “Trilho de Vilarelho da Raia” ,,Desaparecido.
-7.215393,41.204051,172,Vilarinho da Castanheira,,24416,Castelo ,https://arqueologia.patrimoniocultural.pt/index.php?sid=sitios&subsid=2576506,,,sim,,,,,sim,Ficha do Endovélico,,"Ficha do Endovélico: ""praticamente inexistentes os vestígios estruturais"""
-8.82698801808395,41.6927455576351,173,Viana do Castelo,,37844,Muralha,https://arqueologia.patrimoniocultural.pt/index.php?sid=sitios&subsid=3450724,http://www.monumentos.gov.pt/Site/APP_PagesUser/SIPA.aspx?id=26828,,,sim,,sim,,,Interseção das 2 vias que ligavam as 4 portas da cerca medieval (OSM).,,"Ficha do Endovélico: ""Vestígios da antiga muralha medieval de Viana do Castelo""."
-8.61969702874465,41.5309329116594,174,Barcelos,,,,,http://monumentos.pt/Site/APP_PagesUser/SIPA.aspx?id=1955,https://servicos.dgpc.gov.pt/pesquisapatrimonioimovel/detalhes.php?code=70515,,,sim,sim,,,Torre (OSM),,"Ficha SIPA: ""A Torre de Barcelos estava integrada na cerca amuralhada da vila, situando-se sobre uma das suas três principais portas""."
-7.52636692364787,39.5959080359641,175,Montalvão,,,,,http://www.monumentos.gov.pt/site/app_pagesuser/sipa.aspx?id=27855,https://servicos.dgpc.gov.pt/pesquisapatrimonioimovel/detalhes.php?code=155804,,,sim,,,,Centro do recinto (OSM),,
-8.43745072506541,41.1241162091277,176,Aguiar de Sousa,,30326,Castelo ,https://arqueologia.patrimoniocultural.pt/index.php?sid=sitios&subsid=2748385,http://www.monumentos.gov.pt/Site/APP_PagesUser/SIPA.aspx?id=14109,https://servicos.dgpc.gov.pt/pesquisapatrimonioimovel/detalhes.php?code=8549367,,,,sim,,,Torre (OSM),,Localização do Endovélico com erros. A localização através de fotografia de satélite não é possível por causa da florestação.
-8.653409,40.637306,177,Aveiro,,38156,Muralha,https://arqueologia.patrimoniocultural.pt/index.php?sid=sitios&subsid=3502608,,,,,,sim,,,Ficha do Endovélico,,"Na Ficha do Endovélico referenciada: ""A Rua Capitão Sousa Pizarro localiza-se no interior do antigo perímetro muralhado da cidade de Aveiro."". Existem outros CNS associados à muralha."
-8.87710399735794,40.1667900863632,178,Buarcos,Castelo de Redondos,,,,http://www.monumentos.gov.pt/Site/APP_PagesUser/SIPA.aspx?id=1277,https://servicos.dgpc.gov.pt/pesquisapatrimonioimovel/detalhes.php?code=70908,,,,sim,,,Torre (OSM),,
-9.11383419912614,39.1500990844386,179,Vila Verde dos Francos,,33786,Castelo ,https://arqueologia.patrimoniocultural.pt/index.php?sid=sitios&subsid=3078235,http://www.monumentos.gov.pt/Site/APP_PagesUser/SIPA.aspx?id=6263,https://servicos.dgpc.gov.pt/pesquisapatrimonioimovel/detalhes.php?code=74986,,,,sim,,,Torre (OSM),,Ficha do Endovélico sugere a possibilidade de vestígios da torre de menagem.
-8.5845340115897,41.7681072378768,180,Ponte de Lima,,,,,http://www.monumentos.gov.pt/Site/APP_PagesUser/SIPA.aspx?id=3566,https://servicos.dgpc.gov.pt/pesquisapatrimonioimovel/detalhes.php?code=74696,,,,sim,,,Torre de São Paulo (OSM),,"Existem vários CNS (19984, 35189, 3070, 35710, 14616, 15782, 33329, 12571) relacionados com castelo e muralha medieval."
-8.61172506058988,41.1423727295078,181,Porto,,,,,http://www.monumentos.gov.pt/Site/APP_PagesUser/SIPA.aspx?id=5461,https://servicos.dgpc.gov.pt/pesquisapatrimonioimovel/detalhes.php?code=11871408,,,,sim,,,Terreiro da Sé (OSM),,Optou-se por localizar no Morro da Sé (primitiva cerca românica). Existem vários CNS relacionados com a muralha primitiva e a fernandina.
-7.69022818485677,39.6474058751711,182,Ródão,,14532,Castelo ,https://arqueologia.patrimoniocultural.pt/index.php?sid=sitios&subsid=58707,http://www.monumentos.gov.pt/site/app_pagesuser/sipa.aspx?id=5166,https://servicos.dgpc.gov.pt/pesquisapatrimonioimovel/detalhes.php?code=72989,,,,,,sim,Torre de Menagem (OSM),,
-7.2382154513305,40.0258008582611,184,Proença-a-Velha,,39814,Vestígios de Superfície,https://arqueologia.patrimoniocultural.pt/index.php?sid=sitios&subsid=3601547,,,,,,,,sim,Local denominado Chão do Castelo,,"Desaparecido. Ficha do Endovélico: ""Da existência do castelo resta a microtoponímia (Rua do Castelo, Rua Detrás do Castelo ou Travessa do Castelo, Chão do Castelo e Rua do Baluarte)"". Coordenadas do Endovélico estão erradas."
-7.083099,39.728766,186,Rosmaninhal,,13434,Castelo ,https://arqueologia.patrimoniocultural.pt/index.php?sid=sitios&subsid=56947,http://www.monumentos.gov.pt/site/app_pagesuser/sipa.aspx?id=35677,,,,,,,sim,Ficha do Endovélico,,Não há vestígios visíveis desta construção. 
-7.21164070264981,40.0672307743104,187,Bemposta,,35990,Torre ,https://arqueologia.patrimoniocultural.pt/index.php?sid=sitios&subsid=3277515,http://www.monumentos.gov.pt/site/app_pagesuser/sipa.aspx?id=11674,,,,,,,sim,Torre (OSM),,
-7.29012457516391,41.1004317040581,199,Numão,,4033,,https://arqueologia.patrimoniocultural.pt/index.php?sid=sitios&subsid=53167,http://www.monumentos.gov.pt/site/APP_PagesUser/SIPA.aspx?id=3004,https://servicos.dgpc.gov.pt/pesquisapatrimonioimovel/detalhes.php?code=70481,,,,,,sim,Torre de Menagem (OSM),https://sketchfab.com/3d-models/castelo-de-numao-e3507e197de5403588b16719630ba95d,
-7.400098,40.405683,208,Valhelhas,,16149,Estrutura,https://arqueologia.patrimoniocultural.pt/index.php?sid=sitios&subsid=172923,http://www.monumentos.gov.pt/Site/APP_PagesUser/SIPA.aspx?id=11771,,,,,,,sim,Ficha do Endovélico,,CNS relativo a uma estrtura de período indeterminado junto ao cemitério existente no final da Rua do Castelo.
-7.51209667606967,40.5110423793733,209,Folgosinho,,,,,http://www.monumentos.gov.pt/Site/APP_PagesUser/SIPA.aspx?id=1470,https://servicos.dgpc.gov.pt/pesquisapatrimonioimovel/detalhes.php?code=74789,,,,,,sim,Centro do recinto (OSM),,Os atuais vestígios são uma construção contemporânea sem integração com elementos originais ou baseado em documentação.
-7.33125115681828,40.9935786829391,210,Ranhados,,5354,Povoado Fortificado ,https://arqueologia.patrimoniocultural.pt/index.php?sid=sitios&subsid=52175,http://www.monumentos.gov.pt/Site/APP_PagesUser/SIPA.aspx?id=2928,https://servicos.dgpc.gov.pt/pesquisapatrimonioimovel/detalhes.php?code=75041,,,,,,sim,Centro do recinto (OSM),,
-6.57941112759223,41.4614574214205,211,Algoso,,676,,https://arqueologia.patrimoniocultural.pt/index.php?sid=sitios&subsid=57911,http://www.monumentos.gov.pt/Site/APP_PagesUser/SIPA.aspx?id=1078,https://servicos.dgpc.gov.pt/pesquisapatrimonioimovel/detalhes.php?code=74124,,,,,,sim,Torre de Menagem (OSM),,
-6.991644,41.297781,212,Gouveia,,6869,Indeterminado,https://arqueologia.patrimoniocultural.pt/index.php?sid=sitios&subsid=59103,http://monumentos.pt/Site/APP_PagesUser/SIPA.aspx?id=2357,,sim,,,,,sim,Ficha  do Endovélico,,"Ficha do Endovélico: ""poucos dados disponíveis apontam para que fosse bastante pequeno, limitando-se provavelmente a uma pequena zona em redor do actual marco geodésico""."
