Place,Alt place name,Song,Author,URL,Line in Song
Acre,,"Pero d'Ambroa, se Deus mi perdom", Pero Gomes Barroso,https://cantigas.fcsh.unl.pt/cantiga.asp?cdcant=1480&nl=9&tr=3&pv=sim,   (Linha 9): vos trobei d'Acri nem desse logar:
Acre,,Pero nom fui a Ultramar, Martim Soares,https://cantigas.fcsh.unl.pt/cantiga.asp?cdcant=114&nl=6&tr=3&pv=sim,"   (Linha 6): do mar e Acre jaz aquém,"
Aibar,,Quand'eu d'Olide saí, Pero da Ponte,https://cantigas.fcsh.unl.pt/cantiga.asp?cdcant=1663&nl=2&tr=3&pv=sim,   (Linha 2): preguntei por Aivar;
Alanquer,,"Meu senhor, se vos aprouguer", Rui Pais de Ribela,https://cantigas.fcsh.unl.pt/cantiga.asp?cdcant=1473&nl=9&tr=3&pv=sim,   (Linha 9): e dar-vos-ei [eu] outra d'Alanquer
Alcalá de Guadaira,,"Dom Gonçalo, pois queredes ir daqui pera Sevilha", Afonso X,https://cantigas.fcsh.unl.pt/cantiga.asp?cdcant=467&nl=5&tr=3&pv=sim,   (Linha 5): e depois ir a Alcalá se[m] pavor e sem espanto
Alcor,,Paai Rengel e outros dous romeus, Afonso Anes do Cotom,https://cantigas.fcsh.unl.pt/cantiga.asp?cdcant=1610&nl=7&tr=3&pv=sim,   (Linha 7): prenderam eles terra no Alcor.
Alemanha,,Joam Rodriguiz foi desmar a Balteira, Afonso X,https://cantigas.fcsh.unl.pt/cantiga.asp?cdcant=485&nl=17&tr=3&pv=sim,   (Linha 17): ca nom de Lombardia nem d'Alamanha;
Além-Mar,,Alvar [Rodriguiz] vej'eu agravar, Estêvão da Guarda,https://cantigas.fcsh.unl.pt/cantiga.asp?cdcant=1331&nl=3&tr=3&pv=sim,   (Linha 3): e tem que lh'ia melhor além mar
Além-Mar,,"Álvar Rodríguez, monteiro maior"," Pedro, conde de Barcelos",https://cantigas.fcsh.unl.pt/cantiga.asp?cdcant=1460&nl=500&tr=3&pv=sim,   (Na rubrica)
Alfanxe,Alfanje,A mais fremosa de quantas vejo, Anónimo de Santarém,https://cantigas.fcsh.unl.pt/cantiga.asp?cdcant=830&nl=6&tr=3&pv=sim,   (Linha 6): al é Alfanx'e al Seserigo!
Alfanxe,Alfanje,Pero eu vejo aqui trobadores, Anónimo de Santarém,https://cantigas.fcsh.unl.pt/cantiga.asp?cdcant=831&nl=6&tr=3&pv=sim,   (Linha 6): al é Alfanx'e al Seserigo!
Alfaro,,Garcia López d'Elfaro, Pero da Ponte,https://cantigas.fcsh.unl.pt/cantiga.asp?cdcant=1661&nl=1&tr=3&pv=sim,"   (Linha 1): Garcia López d'Elfaro,"
Alhariz,,"Vós, Dom Josep, venho eu preguntar"," Josepe, Estêvão da Guarda",https://cantigas.fcsh.unl.pt/cantiga.asp?cdcant=1345&nl=40&tr=3&pv=sim,   (Linha 40): come o vinho forte em Alhariz;
Aljarafe,,"Tanto sei de vós, ric'homem: pois fordes na alcaria", Afonso X,https://cantigas.fcsh.unl.pt/cantiga.asp?cdcant=463&nl=6&tr=3&pv=sim,"   (Linha 6): Bem sei que seredes ledo, pois fordes no Exarafe"
Alvam,,Enmentar quer'eu do brial, Lopo Lias,https://cantigas.fcsh.unl.pt/cantiga.asp?cdcant=1371&nl=7&tr=3&pv=sim,"   (Linha 7): O infançom cam, o d'Alvam,"
Alvam,,O infançom houv'atal, Lopo Lias,https://cantigas.fcsh.unl.pt/cantiga.asp?cdcant=1380&nl=37&tr=3&pv=sim,   (Linha 37): e ó seu brial d'Alvam
Amarante,,Quem diz de Dom 'Stêvam que nom vê bem, João Soares Coelho,https://cantigas.fcsh.unl.pt/cantiga.asp?cdcant=1438&nl=11&tr=3&pv=sim,"   (Linha 11): como o eu vi, junt'a Amarante,"
Andaluzia,,O mui bom rei que conquis a fronteira, Pero da Ponte,https://cantigas.fcsh.unl.pt/cantiga.asp?cdcant=991&nl=24&tr=3&pv=sim,   (Linha 24): este conquis bem a Andaluzia
Aragão,,"Dom Pedro, est[e] cunhado d'el-rei", Fernão Rodrigues Redondo,https://cantigas.fcsh.unl.pt/cantiga.asp?cdcant=1639&nl=2&tr=3&pv=sim,"   (Linha 2): que chegou ora aqui d'Aragom,"
Aragão,,O que Balteira ora quer vingar, Pero Garcia de Ambroa ,https://cantigas.fcsh.unl.pt/cantiga.asp?cdcant=1621&nl=19&tr=3&pv=sim,   (Linha 19): dos mais que há no reino d'Aragom;
Aragão,,Ora faz host'o senhor de Navarra, João Soares de Paiva,https://cantigas.fcsh.unl.pt/cantiga.asp?cdcant=1361&nl=2&tr=3&pv=sim,   (Linha 2): pois em Proenç'est el-rei d'Aragom;
Arcos,,Mala ventura me venha, Rui Pais de Ribela,https://cantigas.fcsh.unl.pt/cantiga.asp?cdcant=1450&nl=5&tr=3&pv=sim,   (Linha 5): se pola donzela d'Arcos
Ardon,,"Maestr'Acenço, dereito faria", Martim Moxa,https://cantigas.fcsh.unl.pt/cantiga.asp?cdcant=923&nl=24&tr=3&pv=sim,"   (Linha 24): que vos quer dar Ardon em encomenda,"
Arnado,,Dom Estêvam fez[o] sa partiçom, João Soares Coelho,https://cantigas.fcsh.unl.pt/cantiga.asp?cdcant=1437&nl=5&tr=3&pv=sim,"   (Linha 5): caeu em Runa atá eno Arnado,"
Arouca,,Em Arouca ũa casa faria, Afonso Lopes de Baião,https://cantigas.fcsh.unl.pt/cantiga.asp?cdcant=1504&nl=1&tr=3&pv=sim,   (Linha 1): Em Arouca ũa casa faria;
Astorga,,Dom Guilhelm'e Dom Adam e Dom Miguel Carriço, Fernão Soares de Quinhones,https://cantigas.fcsh.unl.pt/cantiga.asp?cdcant=1587&nl=5&tr=3&pv=sim,"   (Linha 5): mas, por um home d'Estorga que perdeu carneiros,"
Astorga,,"Fernam Díaz é aqui, como vistes", Airas Peres Vuitorom,https://cantigas.fcsh.unl.pt/cantiga.asp?cdcant=1513&nl=13&tr=3&pv=sim,   (Linha 13): Ca d'Estorga atá Sam Fagundo
Augadalquivir,Guadalquivir,O genete, Afonso X,https://cantigas.fcsh.unl.pt/cantiga.asp?cdcant=495&nl=18&tr=3&pv=sim,   (Linha 18): que Auguadalquivir maior.
Azamor,,O genete, Afonso X,https://cantigas.fcsh.unl.pt/cantiga.asp?cdcant=495&nl=16&tr=3&pv=sim,   (Linha 16): ant'os mouros d'Azamor;
Azevedo,,"Ansur Moniz, muit'houve gram pesar", Afonso X,https://cantigas.fcsh.unl.pt/cantiga.asp?cdcant=486&nl=12&tr=3&pv=sim,"   (Linha 12): e d'Azeved'ar é mui natural,"
Badalhouce,Badajoz,"Bem sabedes, senhor rei", Gil Peres Conde,https://cantigas.fcsh.unl.pt/cantiga.asp?cdcant=1565&nl=10&tr=3&pv=sim,   (Linha 10): assi fiz em Badalhou
Bagüin,,A dona de Bagüin, Lopo Lias,https://cantigas.fcsh.unl.pt/cantiga.asp?cdcant=1383&nl=1&tr=3&pv=sim,   (Linha 1): A dona de Bagüin
Barcelos,,Se m'ora Deus gram bem fazer quisesse, João Garcia de Guilhade,https://cantigas.fcsh.unl.pt/cantiga.asp?cdcant=403&nl=8&tr=3&pv=sim,"   (Linha 8): Daqui vej'eu Barcelos e Faria,"
Beira,,"À lealdade da Bezerra, que pela Beira muit'anda", Airas Peres Vuitorom,https://cantigas.fcsh.unl.pt/cantiga.asp?cdcant=1511&nl=1&tr=3&pv=sim,"   (Linha 1): A lealdade da Bezerra, que pela Beira muit'anda,"
Belém,,Paai Rengel e outros dous romeus, Afonso Anes do Cotom,https://cantigas.fcsh.unl.pt/cantiga.asp?cdcant=1610&nl=20&tr=3&pv=sim,   (Linha 20): que quand[o] a lide foi em Belém
Belenha,,Mala ventura me venha, Rui Pais de Ribela,https://cantigas.fcsh.unl.pt/cantiga.asp?cdcant=1450&nl=2&tr=3&pv=sim,   (Linha 2): se eu pola de Belenha
Belfurado,,Pero nom fui a Ultramar, Martim Soares,https://cantigas.fcsh.unl.pt/cantiga.asp?cdcant=114&nl=11&tr=3&pv=sim,"   (Linha 11): de Belfurad'a Santarém,"
Benavente,,Tercer dia ante Natal, Lopo Lias,https://cantigas.fcsh.unl.pt/cantiga.asp?cdcant=1370&nl=14&tr=3&pv=sim,   (Linha 14): e talhou-lho em Benavente
Berger,"Vejer de la Frontera, próxima de Cádiz",Ao daiam de Cález eu achei, Afonso X,https://cantigas.fcsh.unl.pt/cantiga.asp?cdcant=497&nl=2&tr=3&pv=sim,"   (Linha 2): livros que lhe levavam de Berger,"
Biscaia,Euskadi. País Basco,A donzela de Biscaia, Rui Pais de Ribela,https://cantigas.fcsh.unl.pt/cantiga.asp?cdcant=1468&nl=1&tr=3&pv=sim,   (Linha 1): A donzela de Biscaia
Blandiz,,Paai Rengel e outros dous romeus, Afonso Anes do Cotom,https://cantigas.fcsh.unl.pt/cantiga.asp?cdcant=1610&nl=15&tr=3&pv=sim,"   (Linha 15): De como nom entrarom a Blandiz,"
Bonaval,,"A Bonaval quer'eu, mia senhor, ir", Bernal de Bonaval,https://cantigas.fcsh.unl.pt/cantiga.asp?cdcant=1086&nl=1&tr=3&pv=sim,"   (Linha 1): A Bonaval quer'eu, mia senhor, ir"
Bonaval,,Diss'a fremosa em Bonaval assi:, Bernal de Bonaval,https://cantigas.fcsh.unl.pt/cantiga.asp?cdcant=1155&nl=1&tr=3&pv=sim,   (Linha 1): Diss'a fremosa em Bonaval assi:
Bonaval,,"Pois mi dizedes, amigo, ca mi queredes vós melhor", Bernal de Bonaval,https://cantigas.fcsh.unl.pt/cantiga.asp?cdcant=1153&nl=10&tr=3&pv=sim,"   (Linha 10): come mi, dized', amigo, se Deus vos lev'a Bonaval,"
Bonaval,,"Rogar-vos quero [e]u, mia madr'e mia senhor", Bernal de Bonaval,https://cantigas.fcsh.unl.pt/cantiga.asp?cdcant=1156&nl=3&tr=3&pv=sim,"   (Linha 3): a Bonaval, pois meu amig'i vem."
Bonaval,,Se veess'o meu amigo a Bonaval e me visse, Bernal de Bonaval,https://cantigas.fcsh.unl.pt/cantiga.asp?cdcant=1154&nl=1&tr=3&pv=sim,   (Linha 1): Se veess'o meu amigo a Bonaval e me visse
Burgos,,As mias jornadas vedes quaes som, Afonso Anes do Cotom,https://cantigas.fcsh.unl.pt/cantiga.asp?cdcant=975&nl=3&tr=3&pv=sim,"   (Linha 3): de Castr'a Burgos e end'a Palença,"
Burgos,,"Esta ama, cuj'é Joam Coelho", Fernão Garcia Esgaravunha,https://cantigas.fcsh.unl.pt/cantiga.asp?cdcant=1544&nl=16&tr=3&pv=sim,"   (Linha 16): nom lh'acham par, de Burgos a Carrion,"
Burgos,,O que da guerra levou cavaleiros, Afonso X,https://cantigas.fcsh.unl.pt/cantiga.asp?cdcant=500&nl=44&tr=3&pv=sim,   (Linha 44): macar em Burgos fez pintar escudo
Burgos,,Os de Burgos som coitados, Pero da Ponte,https://cantigas.fcsh.unl.pt/cantiga.asp?cdcant=1672&nl=1&tr=3&pv=sim,   (Linha 1): Os de Burgos som coitados
Burgos,,Quem mi ora quisesse cruzar, Pedro Amigo de Sevilha,https://cantigas.fcsh.unl.pt/cantiga.asp?cdcant=1687&nl=24&tr=3&pv=sim,"   (Linha 24): em Burgos; ca, se preguntar"
Burgos,,Um dia fui cavalgar, Pero da Ponte,https://cantigas.fcsh.unl.pt/cantiga.asp?cdcant=1655&nl=2&tr=3&pv=sim,   (Linha 2): de Burgos contra Carrion
Cabeceiras de Basto,,Sedia-xi Dom Belpelho em ũa sa maison, Afonso Lopes de Baião,https://cantigas.fcsh.unl.pt/cantiga.asp?cdcant=1503&nl=24&tr=3&pv=sim,   (Linha 24): ca já outros todos em Basto som.
Cález,Cádiz,Ao daiam de Cález eu achei, Afonso X,https://cantigas.fcsh.unl.pt/cantiga.asp?cdcant=497&nl=1&tr=3&pv=sim,   (Linha 1): Ao daiam de Cález eu achei
Cambrai,,Lop'Anaia nom se vaia, Fernão Soares de Quinhones,https://cantigas.fcsh.unl.pt/cantiga.asp?cdcant=1588&nl=20&tr=3&pv=sim,   (Linha 20): bem come prés de Cambrai.
Campos,,"Ansur Moniz, muit'houve gram pesar", Afonso X,https://cantigas.fcsh.unl.pt/cantiga.asp?cdcant=486&nl=9&tr=3&pv=sim,"   (Linha 9): e de Campos, mais nom dos de Cizneiros,"
Campou,,"Bem sabedes, senhor rei", Gil Peres Conde,https://cantigas.fcsh.unl.pt/cantiga.asp?cdcant=1565&nl=8&tr=3&pv=sim,   (Linha 8): E em terra de Campou
Carrion,Carrión de los Condes,As mias jornadas vedes quaes som, Afonso Anes do Cotom,https://cantigas.fcsh.unl.pt/cantiga.asp?cdcant=975&nl=4&tr=3&pv=sim,   (Linha 4): e de Palença sair-mi a Carrion
Carrion,Carrión de los Condes,"Esta ama, cuj'é Joam Coelho", Fernão Garcia Esgaravunha,https://cantigas.fcsh.unl.pt/cantiga.asp?cdcant=1544&nl=16&tr=3&pv=sim,"   (Linha 16): nom lh'acham par, de Burgos a Carrion,"
Carrion,Carrión de los Condes,"Noutro dia, em Carrion", Pero da Ponte,https://cantigas.fcsh.unl.pt/cantiga.asp?cdcant=1658&nl=1&tr=3&pv=sim,"   (Linha 1): Noutro dia, em Carrion,"
Carrion,Carrión de los Condes,Que muito mi de Fernam Diaz praz, Pero Garcia Burgalês,https://cantigas.fcsh.unl.pt/cantiga.asp?cdcant=1410&nl=11&tr=3&pv=sim,"   (Linha 11): atá Carriom, ond'outro nunca fez;"
Carrion,Carrión de los Condes,Que muito mi de Fernam Diaz praz, Pero Garcia Burgalês,https://cantigas.fcsh.unl.pt/cantiga.asp?cdcant=1410&nl=11&tr=3&pv=sim,"   (Linha 20): mui gram temp'há que nom foi em Carriom,"
Carrion,Carrión de los Condes,Ũa pregunta vos quero fazer,"Paio Gomes Charinho, Afonso X",https://cantigas.fcsh.unl.pt/cantiga.asp?cdcant=1650&nl=20&tr=3&pv=sim,   (Linha 20): mui gram temp'há que nom foi em Carriom
Carrion,Carrión de los Condes,Um dia fui cavalgar, Pero da Ponte,https://cantigas.fcsh.unl.pt/cantiga.asp?cdcant=1655&nl=2&tr=3&pv=sim,   (Linha 2): de Burgos contra Carrion
Castela,,"Andei, senhor, Leon e Castela", João Airas de Santiago,https://cantigas.fcsh.unl.pt/cantiga.asp?cdcant=956&nl=1&tr=3&pv=sim,"   (Linha 1): Andei, senhor, Leon e Castela"
Castela,,Meu senhor rei de Castela, João Airas de Santiago,https://cantigas.fcsh.unl.pt/cantiga.asp?cdcant=973&nl=1&tr=3&pv=sim,"   (Linha 1): Meu senhor rei de Castela,"
Castro,,As mias jornadas vedes quaes som, Afonso Anes do Cotom,https://cantigas.fcsh.unl.pt/cantiga.asp?cdcant=975&nl=3&tr=3&pv=sim,"   (Linha 3): de Castr'a Burgos e end'a Palença,"
Catalunha,,"O meu amig', amiga, que me gram bem fezia", Pero Mafaldo,https://cantigas.fcsh.unl.pt/cantiga.asp?cdcant=349&nl=5&tr=3&pv=sim,   (Linha 5): nom me viu mais d'um dia e vai-s'a Catalonha.
Celorico da Beira,,"À lealdade da Bezerra, que pela Beira muit'anda", Airas Peres Vuitorom,https://cantigas.fcsh.unl.pt/cantiga.asp?cdcant=1511&nl=31&tr=3&pv=sim,"   (Linha 31): E quando o Conde ao castelo chegou de Celorico,"
Chartes,,,,,
Cizneiros,"Cisneros, concelho situado no centro-sul da provincia de Palencia","Ansur Moniz, muit'houve gram pesar", Afonso X,https://cantigas.fcsh.unl.pt/cantiga.asp?cdcant=486&nl=9&tr=3&pv=sim,"   (Linha 9): e de Campos, mais nom dos de Cizneiros,"
Coimbra,,Dom Estêvam fez[o] sa partiçom, João Soares Coelho,https://cantigas.fcsh.unl.pt/cantiga.asp?cdcant=1437&nl=4&tr=3&pv=sim,   (Linha 4): mais em Coimbra caeu bem provado:
Coira,,Pero Colhos é deitado, Mem Rodrigues de Briteiros ou João Fernandes de Ardeleiro ,https://cantigas.fcsh.unl.pt/cantiga.asp?cdcant=1359&nl=13&tr=3&pv=sim,"   (Linha 13): E foi-s'el morar a Coira,"
Coira,Cória,Pero nom fui a Ultramar, Martim Soares,https://cantigas.fcsh.unl.pt/cantiga.asp?cdcant=114&nl=34&tr=3&pv=sim,   (Linha 34): d'andar Coira e Galisteu
Corunha,A Coruña,En'a primeira rua que cheguemos, Martim Anes Marinho,https://cantigas.fcsh.unl.pt/cantiga.asp?cdcant=1647&nl=27&tr=3&pv=sim,"   (Linha 27): e tam lev'era, que bem de Coronha"
Covilhã,,"À lealdade da Bezerra, que pela Beira muit'anda", Airas Peres Vuitorom,https://cantigas.fcsh.unl.pt/cantiga.asp?cdcant=1511&nl=20&tr=3&pv=sim,"   (Linha 20): Covilhã, e Pero Dias, Sortelha; e diss'o Conde:"
Crecente/ Crexente,,A por que perço o dormir, João Airas de Santiago,https://cantigas.fcsh.unl.pt/cantiga.asp?cdcant=967&nl=6&tr=3&pv=sim,"   (Linha 6): a Crexent', em sua mua baia;"
Crecente/ Crexente,,Pelo souto de Crexente, João Airas de Santiago,https://cantigas.fcsh.unl.pt/cantiga.asp?cdcant=974&nl=1&tr=3&pv=sim,   (Linha 1): Pelo souto de Crexente
Cuenca,,"Um bispo diz aqui, por si", Pedro Amigo de Sevilha,https://cantigas.fcsh.unl.pt/cantiga.asp?cdcant=1685&nl=2&tr=3&pv=sim,   (Linha 2): que é de Conca; mais bem sei
Deza,,Med'hei do pertigueiro que tem Deça, Afonso X,https://cantigas.fcsh.unl.pt/cantiga.asp?cdcant=461&nl=1&tr=3&pv=sim,"   (Linha 1): Med'hei do pertigueiro que tem Deça,"
Dormã,"Mosteiro de S. Cristóvão de Dormeá, conc. de Boimorto, na província da Corunha",Quand'eu passei per Dormãa, Fernão Pais de Tamalhancos,https://cantigas.fcsh.unl.pt/cantiga.asp?cdcant=1368&nl=1&tr=3&pv=sim,   (Linha 1): Quand'eu passei per Dormãa
Elvas,,Faz-m'agora por si morrer, Vidal,https://cantigas.fcsh.unl.pt/cantiga.asp?cdcant=1631&nl=12&tr=3&pv=sim,   (Linha 12): a mui fremosinha d'Elvas.
Elvas,,"Moir, e faço dereito", Vidal,https://cantigas.fcsh.unl.pt/cantiga.asp?cdcant=1630&nl=2&tr=3&pv=sim,"   (Linha 2): por ũa dona d'Elvas,"
Ensar,,O que me d'Ensar corrudo, Pero Larouco,https://cantigas.fcsh.unl.pt/cantiga.asp?cdcant=635&nl=1&tr=3&pv=sim,   (Linha 1): O que me d'Ensar corrudo
Entre Douro e Minho,,Disse-m'hoj'assi um home, Estêvão da Guarda,https://cantigas.fcsh.unl.pt/cantiga.asp?cdcant=1337&nl=14&tr=3&pv=sim,   (Linha 14): se vai d'Antre Doir'e Minho.
Ermida de S. Clemenço do Mar,,Des quando vos fostes daqui, Nuno Trez,https://cantigas.fcsh.unl.pt/cantiga.asp?cdcant=1229&nl=18&tr=3&pv=sim,   (Linha 18): a Sam Clemenç'e nom vos vi
Ermida de S. Clemenço do Mar,,"Estava-m'em Sam Clemenço, u fora fazer oraçom", Nuno Trez,https://cantigas.fcsh.unl.pt/cantiga.asp?cdcant=1232&nl=1&tr=3&pv=sim,"   (Linha 1): Estava-m'em Sam Clemenço, u fora fazer oraçom,"
Ermida de S. Clemenço do Mar,,"Nom vou eu a Sam Clemenço orar, e faço gram razom", Nuno Trez,https://cantigas.fcsh.unl.pt/cantiga.asp?cdcant=1231&nl=1&tr=3&pv=sim,"   (Linha 1): Nom vou eu a Sam Clemenço orar, e faço gram razom, "
Ermida de S. Clemenço do Mar,,Sam Clemenço do mar, Nuno Trez,https://cantigas.fcsh.unl.pt/cantiga.asp?cdcant=1230&nl=1&tr=3&pv=sim,"   (Linha 1): Sam Clemenço do mar,"
Ermida de S. Julião,,"Ai Deus, que doo que eu de mi hei", Pero de Ver,https://cantigas.fcsh.unl.pt/cantiga.asp?cdcant=1144&nl=4&tr=3&pv=sim,"   (Linha 4): Quando s'el houve de Julham a ir,"
Ermida de S. Julião,,"Do meu amig', a que eu quero bem", Pero de Ver,https://cantigas.fcsh.unl.pt/cantiga.asp?cdcant=1147&nl=13&tr=3&pv=sim,"   (Linha 13): des que o vi em Julham um dia,"
Ermida de S. Leuter,Sant'Outelo ou S. Eleutério,"Por Deus vos rogo, madre, que mi digades", Lopo,https://cantigas.fcsh.unl.pt/cantiga.asp?cdcant=1282&nl=3&tr=3&pv=sim,   (Linha 3): d'ir a Sam Leuter falar com meu amigo.
Ermida de S. Momede,,"Amigo, se mi gram bem queredes", João de Cangas,https://cantigas.fcsh.unl.pt/cantiga.asp?cdcant=1299&nl=2&tr=3&pv=sim,   (Linha 2): id'a Sam Momed'e veer-m'-edes
Ermida de S. Momede,,"Em Sam Momed', u sabedes", João de Cangas,https://cantigas.fcsh.unl.pt/cantiga.asp?cdcant=1297&nl=1&tr=3&pv=sim,"   (Linha 1): Em Sam Momed', u sabedes"
Ermida de S. Momede,,"Fui eu, madr', a Sam Momed', u me cuidei", João de Cangas,https://cantigas.fcsh.unl.pt/cantiga.asp?cdcant=1298&nl=1&tr=3&pv=sim,"   (Linha 1): Fui eu, madr', a Sam Momed', u me cuidei"
Ermida de S. Salvador,,Em outro dia em Sam Salvador, Sancho Sanches,https://cantigas.fcsh.unl.pt/cantiga.asp?cdcant=948&nl=1&tr=3&pv=sim,   (Linha 1): Em outro dia em Sam Salvador
Ermida de S. Salvador de Valongo,,"Ai meu amigo, coitada", Martim Padrozelos ,https://cantigas.fcsh.unl.pt/cantiga.asp?cdcant=1271&nl=8&tr=3&pv=sim,"   (Linha 8): de parecer em Valongo,"
Ermida de S. Salvador de Valongo,,"Amig', havia queixume", Martim Padrozelos ,https://cantigas.fcsh.unl.pt/cantiga.asp?cdcant=1269&nl=8&tr=3&pv=sim,   (Linha 8): que jurei em Sam Salvador
Ermida de S. Salvador de Valongo,,"Gram sazom há, meu amigo", Martim Padrozelos ,https://cantigas.fcsh.unl.pt/cantiga.asp?cdcant=1268&nl=3&tr=3&pv=sim,   (Linha 3): em Valong'e nom m'ar vistes
Ermida de S. Salvador de Valongo,,"Id'hoj, ai meu amigo, led'a Sam Salvador", Martim Padrozelos ,https://cantigas.fcsh.unl.pt/cantiga.asp?cdcant=1275&nl=1&tr=3&pv=sim,"   (Linha 1): Id'hoj, ai meu amigo, led'a Sam Salvador,"
Ermida de S. Salvador de Valongo,,"Por Deus, que vos nom pês", Martim Padrozelos ,https://cantigas.fcsh.unl.pt/cantiga.asp?cdcant=1272&nl=3&tr=3&pv=sim,"   (Linha 3): d'ir a Sam Salvador,"
Ermida de S. Servando,,"A Sam Servand', u ora vam todas orar", João Servando,https://cantigas.fcsh.unl.pt/cantiga.asp?cdcant=1163&nl=1&tr=3&pv=sim,"   (Linha 1): A Sam Servand', u ora vam todas orar,"
Ermida de S. Servando,,A Sam Servand'em oraçom, João Servando,https://cantigas.fcsh.unl.pt/cantiga.asp?cdcant=1160&nl=1&tr=3&pv=sim,   (Linha 1): A Sam Servand'em oraçom
Ermida de S. Servando,,A Sam Servando foi meu amigo, João Servando,https://cantigas.fcsh.unl.pt/cantiga.asp?cdcant=1161&nl=1&tr=3&pv=sim,   (Linha 1): A Sam Servando foi meu amigo
Ermida de S. Servando,,Disserom-mi ca se queria ir, João Servando,https://cantigas.fcsh.unl.pt/cantiga.asp?cdcant=1171&nl=19&tr=3&pv=sim,   (Linha 19): A Sam Servando foi em oraçom
Ermida de S. Servando,,Donas vam a Sam Servando muitas hoj'em romaria, João Servando,https://cantigas.fcsh.unl.pt/cantiga.asp?cdcant=1712&nl=1&tr=3&pv=sim,"   (Linha 1): Donas vam a Sam Servando muitas hoj'em romaria,"
Ermida de S. Servando,,"Filha, o que queredes bem", João Servando,https://cantigas.fcsh.unl.pt/cantiga.asp?cdcant=1170&nl=17&tr=3&pv=sim,   (Linha 17): e foi ora a Sam Servando
Ermida de S. Servando,,Fui eu a Sam Servando por veer meu amigo, João Servando,https://cantigas.fcsh.unl.pt/cantiga.asp?cdcant=1168&nl=1&tr=3&pv=sim,"   (Linha 1): Fui eu a Sam Servando por veer meu amigo,"
Ermida de S. Servando,,Ir-se quer o meu amigo, João Servando,https://cantigas.fcsh.unl.pt/cantiga.asp?cdcant=1159&nl=14&tr=3&pv=sim,   (Linha 14): oraçom a Sam Servando
Ermida de S. Servando,,"Ir-vos queredes, amigo", João Servando,https://cantigas.fcsh.unl.pt/cantiga.asp?cdcant=1173&nl=25&tr=3&pv=sim,   (Linha 25): A Sam Servand'irei dizer
Ermida de S. Servando,,"Mia madre velida, e nom me guardedes", João Servando,https://cantigas.fcsh.unl.pt/cantiga.asp?cdcant=1165&nl=2&tr=3&pv=sim,"   (Linha 2): d'ir a Sam Servando, ca, se o fazedes,"
Ermida de S. Servando,,Ora vam a Sam Servando donas fazer romaria, João Servando,https://cantigas.fcsh.unl.pt/cantiga.asp?cdcant=1162&nl=1&tr=3&pv=sim,   (Linha 1): Ora vam a Sam Servando donas fazer romaria
Ermida de S. Servando,,Quand'eu a Sam Servando fui um dia daqui, João Servando,https://cantigas.fcsh.unl.pt/cantiga.asp?cdcant=1158&nl=1&tr=3&pv=sim,   (Linha 1): Quand'eu a Sam Servando fui um dia daqui
Ermida de S. Servando,,Se meu amig'a Sam Servando for, João Servando,https://cantigas.fcsh.unl.pt/cantiga.asp?cdcant=1164&nl=1&tr=3&pv=sim,   (Linha 1): Se meu amig'a Sam Servando for
Ermida de S. Servando,,"Triste and'eu velida, e bem vo-lo digo", João Servando,https://cantigas.fcsh.unl.pt/cantiga.asp?cdcant=1166&nl=6&tr=3&pv=sim,"   (Linha 6): fui a Sam Servando, se o ve[e]ria;"
Ermida de S. Simom de Val de Prados,,Pois nossas madres vam a Sam Simom, Pero Viviães,https://cantigas.fcsh.unl.pt/cantiga.asp?cdcant=755&nl=1&tr=3&pv=sim,   (Linha 1): Pois nossas madres vam a Sam Simom
Ermida de S. Simon,,Sedia-m'eu na ermida de Sam Simion, Mendinho ,https://cantigas.fcsh.unl.pt/cantiga.asp?cdcant=861&nl=1&tr=3&pv=sim,   (Linha 1): Sedia-m'eu na ermida de Sam Simion
Ermida de S. Treeçom,,"Mal faç'eu velida, que ora nom vou", Golparro,https://cantigas.fcsh.unl.pt/cantiga.asp?cdcant=1296&nl=4&tr=3&pv=sim,   (Linha 4): fazer oraçom a Sam Treeçom;
Ermida de Santa Cecília,,Ai vertudes de Santa Cecília, Martim de Ginzo,https://cantigas.fcsh.unl.pt/cantiga.asp?cdcant=1304&nl=1&tr=3&pv=sim,"   (Linha 1): Ai vertudes de Santa Cecília,"
Ermida de Santa Cecília,,"Como vivo coitada, madre, por meu amigo", Martim de Ginzo,https://cantigas.fcsh.unl.pt/cantiga.asp?cdcant=1300&nl=8&tr=3&pv=sim,   (Linha 8): eu a Santa Cecilia de coraçom o digo:
Ermida de Santa Cecília,,"Nom poss'eu, madre, ir a Santa Cecília", Martim de Ginzo,https://cantigas.fcsh.unl.pt/cantiga.asp?cdcant=1303&nl=1&tr=3&pv=sim,"   (Linha 1): Nom poss'eu, madre, ir a Santa Cecília,"
Ermida de Santa Cecília,,"Se vos prouguer, madr', hoj'este dia", Martim de Ginzo,https://cantigas.fcsh.unl.pt/cantiga.asp?cdcant=1301&nl=3&tr=3&pv=sim,   (Linha 3): e chorar muit'em Santa Cecília
Ermida de Santa Cecília,,"Treides, ai mia madr', em romaria", Martim de Ginzo,https://cantigas.fcsh.unl.pt/cantiga.asp?cdcant=1302&nl=2&tr=3&pv=sim,"   (Linha 2): orar u chamam Santa Cecília,"
Ermida de Santa Maria das Leiras,,Disserom-mi ũas novas de que m'é mui gram bem, Afonso Lopes de Baião,https://cantigas.fcsh.unl.pt/cantiga.asp?cdcant=761&nl=3&tr=3&pv=sim,"   (Linha 3): a Santa Maria das Leiras irei, velida,"
Ermida de Santa Maria das Leiras,,"Ir quer'hoj'eu, fremosa, de coraçom", Afonso Lopes de Baião,https://cantigas.fcsh.unl.pt/cantiga.asp?cdcant=760&nl=3&tr=3&pv=sim,"   (Linha 3): a Santa Maria das Leiras,"
Ermida de Santa Maria de Reça,,"Por vee'lo namorado, que muit'há que eu nom vi", Airas Pais,https://cantigas.fcsh.unl.pt/cantiga.asp?cdcant=1316&nl=3&tr=3&pv=sim,   (Linha 3): a Santa Maria de Reça.
Ermida de Santa Maria de Reça,,"Quer'ir a Santa Maria e, irmana, treides migo", Airas Pais,https://cantigas.fcsh.unl.pt/cantiga.asp?cdcant=1315&nl=3&tr=3&pv=sim,"   (Linha 3): quer'ir a Santa Maria de Reça,"
Ermida de Santa Maria do Faro,,"A Far[o] um dia irei, madre, se vos prouguer", João de Requeixo,https://cantigas.fcsh.unl.pt/cantiga.asp?cdcant=1319&nl=1&tr=3&pv=sim,"   (Linha 1): A Far[o] um dia irei, madre, se vos prouguer,"
Ermida de Santa Maria do Faro,,"Amiga, quem hoj’houvesse mandado do meu amigo", João de Requeixo,https://cantigas.fcsh.unl.pt/cantiga.asp?cdcant=1322&nl=16&tr=3&pv=sim,"   (Linha 16): em Far[o], ena ermida,"
Ermida de Santa Maria do Faro,,Atender quer'eu mandado que m'enviou meu amigo, João de Requeixo,https://cantigas.fcsh.unl.pt/cantiga.asp?cdcant=1321&nl=2&tr=3&pv=sim,"   (Linha 2): que verrá em romaria a Far'e veer-s'-á migo,"
Ermida de Santa Maria do Faro,,"Fui eu, madr', em romaria a Faro com meu amigo", João de Requeixo,https://cantigas.fcsh.unl.pt/cantiga.asp?cdcant=1318&nl=1&tr=3&pv=sim,"   (Linha 1): Fui eu, madr', em romaria a Faro com meu amigo"
Ermida de Santa Maria do Faro,,"Pois vós, filha, queredes mui gram bem", João de Requeixo,https://cantigas.fcsh.unl.pt/cantiga.asp?cdcant=1320&nl=7&tr=3&pv=sim,"   (Linha 7): Mando-vos eu ir a Far'um dia,"
Ermida de Santa Maria do Lago,,D'ir a Santa Maria do Lag'hei gram sabor, Fernão do Lago ,https://cantigas.fcsh.unl.pt/cantiga.asp?cdcant=1317&nl=1&tr=3&pv=sim,   (Linha 1): D'ir a Santa Maria do Lag'hei gram sabor
Ermida de Santa Marta,,Assanhou-s'o meu amigo, Pero de Berdia,https://cantigas.fcsh.unl.pt/cantiga.asp?cdcant=1136&nl=11&tr=3&pv=sim,"   (Linha 11): em Santa Marta, na ermida"
Ermida de Santa Marta,,Jurava-mi o meu amigo, Pero de Berdia,https://cantigas.fcsh.unl.pt/cantiga.asp?cdcant=1134&nl=7&tr=3&pv=sim,"   (Linha 7): a Santa Marta, e maer"
Ermida de Santa Marta,,Sanhudo m'é meu amig'e nom sei, Pero de Berdia,https://cantigas.fcsh.unl.pt/cantiga.asp?cdcant=1133&nl=19&tr=3&pv=sim,   (Linha 19): Quando m'el vir em Santa Marta estar
Escobar,"Escobar de Campos, (concelho da atual província de León)","Ansur Moniz, muit'houve gram pesar", Afonso X,https://cantigas.fcsh.unl.pt/cantiga.asp?cdcant=486&nl=8&tr=3&pv=sim,   (Linha 8): E d'outra parte vem dos d'Escobar
Espanha,,"Jograr, três cousas havedes mester", Gil Peres Conde,https://cantigas.fcsh.unl.pt/cantiga.asp?cdcant=1548&nl=8&tr=3&pv=sim,"   (Linha 8): vimos em Espanha, nem d'alhur nom vem,"
Espanha,,Quantos aqui d'Espanha som, Paio Soares de Taveirós ,https://cantigas.fcsh.unl.pt/cantiga.asp?cdcant=119&nl=1&tr=3&pv=sim,"   (Linha 1): Quantos aqui d'Espanha som,"
Estela,,Ora faz host'o senhor de Navarra, João Soares de Paiva,https://cantigas.fcsh.unl.pt/cantiga.asp?cdcant=1361&nl=14&tr=3&pv=sim,"   (Linha 14): e destruir atá burgo d'Estela,"
Estela,,"Par Deus, coitada vivo", Pero Gonçalves de Portocarreiro,https://cantigas.fcsh.unl.pt/cantiga.asp?cdcant=925&nl=9&tr=3&pv=sim,"   (Linha 9): mias toucas da Estela,"
Estela,,Quand'eu um dia fui em Compostela, Pedro Amigo de Sevilha,https://cantigas.fcsh.unl.pt/cantiga.asp?cdcant=1113&nl=9&tr=3&pv=sim,"   (Linha 9): Que vos darei boas toucas d'Estela,"
Estépar,,"Ansur Moniz, muit'houve gram pesar", Afonso X,https://cantigas.fcsh.unl.pt/cantiga.asp?cdcant=486&nl=11&tr=3&pv=sim,   (Linha 11): e doutra veo: foi dos d'Estepar;
Estremadura,,Disse-m'hoj'assi um home, Estêvão da Guarda,https://cantigas.fcsh.unl.pt/cantiga.asp?cdcant=1337&nl=10&tr=3&pv=sim,   (Linha 10): pois eu fiqu'em Stremadura!
Estremadura,,Mete el-rei barcas no rio forte, João Zorro,https://cantigas.fcsh.unl.pt/cantiga.asp?cdcant=1181&nl=4&tr=3&pv=sim,   (Linha 4): Mete el-rei barcas na Estremadura;
Esturas,Astúrias,Contar-vos-ei costumes e feituras, Fernão Soares de Quinhones,https://cantigas.fcsh.unl.pt/cantiga.asp?cdcant=1589&nl=28&tr=3&pv=sim,   (Linha 28): que o quisesse trager nas Esturas.
Esturas d'Ovedo,,"Dom Fernando, vejo-vos andar ledo", Airas Peres Vuitorom,https://cantigas.fcsh.unl.pt/cantiga.asp?cdcant=1514&nl=4&tr=3&pv=sim,   (Linha 4): de Sam Fagundo e d'Esturas d'Ovedo;
Faria,,"À lealdade da Bezerra, que pela Beira muit'anda", Airas Peres Vuitorom,https://cantigas.fcsh.unl.pt/cantiga.asp?cdcant=1511&nl=15&tr=3&pv=sim,"   (Linha 15): O que vendeu Faria, per remiir seus pecados,"
Faria,,Cuidou-s'Amor que logo me faria, João Garcia de Guilhade,https://cantigas.fcsh.unl.pt/cantiga.asp?cdcant=405&nl=15&tr=3&pv=sim,   (Linha 15): Ai! que de coita levei em Faria!
Faria,,Se m'ora Deus gram bem fazer quisesse, João Garcia de Guilhade,https://cantigas.fcsh.unl.pt/cantiga.asp?cdcant=403&nl=8&tr=3&pv=sim,"   (Linha 8): Daqui vej'eu Barcelos e Faria,"
Fariza,Ariza,"Os d'Aragom, que soem donear", Caldeirom,https://cantigas.fcsh.unl.pt/cantiga.asp?cdcant=1649&nl=20&tr=3&pv=sim,   (Linha 20): a busquei bem aalém de Fariza.
França,,Pero Colhos é deitado, Mem Rodrigues de Briteiros ou João Fernandes de Ardeleiro ,https://cantigas.fcsh.unl.pt/cantiga.asp?cdcant=1359&nl=7&tr=3&pv=sim,   (Linha 7): E foi-s'el morar a França
Gaia,Vila Nova de Gaia,Pois nom hei de Dona Elvira, Anónimo 1 ou Martim Soares,https://cantigas.fcsh.unl.pt/cantiga.asp?cdcant=150&nl=6&tr=3&pv=sim,"   (Linha 6): em Doiro, antr'o Porto e Gaia."
Galisteu,Galisteo,Pero nom fui a Ultramar, Martim Soares,https://cantigas.fcsh.unl.pt/cantiga.asp?cdcant=114&nl=34&tr=3&pv=sim,   (Linha 34): d'andar Coira e Galisteu
Galiza,,A mi quer mal o infançom, Lopo Lias,https://cantigas.fcsh.unl.pt/cantiga.asp?cdcant=1372&nl=8&tr=3&pv=sim,"   (Linha 8): Quantos hoj'em Galiza som,"
Galiza,,"Os d'Aragom, que soem donear ", Caldeirom,https://cantigas.fcsh.unl.pt/cantiga.asp?cdcant=1649&nl=18&tr=3&pv=sim,"   (Linha 18): dos d'Aragom, quand'eu vim de Galiza,"
Granada,,"Meu senhor, direi-vos ora:", Pero Gomes Barroso,https://cantigas.fcsh.unl.pt/cantiga.asp?cdcant=1479&nl=11&tr=3&pv=sim,   (Linha 11): bem da vila de Graada
Granada,,"Muit'hei, ai Amor, que te gradescer", Rui Martins do Casal,https://cantigas.fcsh.unl.pt/cantiga.asp?cdcant=1189&nl=6&tr=3&pv=sim,   (Linha 6): a Granada por meu amor lidar.
Granada,,O que foi passar a serra, Afonso X,https://cantigas.fcsh.unl.pt/cantiga.asp?cdcant=498&nl=15&tr=3&pv=sim,   (Linha 15): é por nom ir a Graada
Granada,,"Rogo-te, ai Amor, que queiras migo morar", Rui Martins do Casal,https://cantigas.fcsh.unl.pt/cantiga.asp?cdcant=1188&nl=3&tr=3&pv=sim,   (Linha 3): a Granada meu amigo.
Jaén,,"Ai Santiago, padrom sabido", Paio Gomes Charinho,https://cantigas.fcsh.unl.pt/cantiga.asp?cdcant=852&nl=4&tr=3&pv=sim,"   (Linha 4): mirarei, madre, as torres de Jeen."
Jaén,,"Ai Santiago, padrom sabido", Paio Gomes Charinho,https://cantigas.fcsh.unl.pt/cantiga.asp?cdcant=852&nl=4&tr=3&pv=sim,   (Linha 25): sobre si quanto se fez em Jaen
Jaén,,"Pedr'Amigo, quero de vós saber","Vasco Peres Pardal, Pedro Amigo de Sevilha",https://cantigas.fcsh.unl.pt/cantiga.asp?cdcant=1542&nl=25&tr=3&pv=sim,   (Linha 25): sobre si quanto se fez em Jaen
Jaén,,"Pedr'Amigo, quero de vós saber","Vasco Peres Pardal, Pedro Amigo de Sevilha",https://cantigas.fcsh.unl.pt/cantiga.asp?cdcant=1542&nl=25&tr=3&pv=sim,"   (Linha 4): levastes, quando fomos a Jeen;"
Jaén,,"Pero da Ponte,' ou eu nom vejo bem","Pero da Ponte, Afonso Anes do Cotom",https://cantigas.fcsh.unl.pt/cantiga.asp?cdcant=1640&nl=4&tr=3&pv=sim,"   (Linha 4): levastes, quando fomos a Jeen;"
Jaén,,Um cavaleiro se comprou, Martim Soares,https://cantigas.fcsh.unl.pt/cantiga.asp?cdcant=1390&nl=2&tr=3&pv=sim,"   (Linha 2): pera quitar-se de Jaen,"
Jaén,,Um infançom mi há convidado, Nunes,https://cantigas.fcsh.unl.pt/cantiga.asp?cdcant=1585&nl=10&tr=3&pv=sim,"   (Linha 10): mais jurei antan'em Jaen,"
Jerez de la Frontera,,"Pedr'Amigo, quero de vós saber","Vasco Peres Pardal, Pedro Amigo de Sevilha",https://cantigas.fcsh.unl.pt/cantiga.asp?cdcant=1542&nl=26&tr=3&pv=sim,"   (Linha 26): e em Eixarês, u se fez muito mal;"
Jerusalém,,Joam Baveca e Pero d'Ambrõa, Pedro Amigo de Sevilha,https://cantigas.fcsh.unl.pt/cantiga.asp?cdcant=1690&nl=12&tr=3&pv=sim,"   (Linha 12): Sobre la terra de Ierusalém,"
Jerusalém,,"Joam Fernández, o mund'é torvado", João Soares Coelho,https://cantigas.fcsh.unl.pt/cantiga.asp?cdcant=1436&nl=17&tr=3&pv=sim,   (Linha 17): nem ar iria a Ierusalém
Jerusalém,,Pero nom fui a Ultramar, Martim Soares,https://cantigas.fcsh.unl.pt/cantiga.asp?cdcant=114&nl=14&tr=3&pv=sim,   (Linha 14): e maer a Jerusalém.
Jerusalém,,Quem mi ora quisesse cruzar, Pedro Amigo de Sevilha,https://cantigas.fcsh.unl.pt/cantiga.asp?cdcant=1687&nl=12&tr=3&pv=sim,   (Linha 12): outr'homem de Ierusalém;
Jerusalém,,"Senhor, justiça viimos pedir", Afonso X,https://cantigas.fcsh.unl.pt/cantiga.asp?cdcant=487&nl=16&tr=3&pv=sim,   (Linha 16): - por levar tal furt'a Jelusalém!
Josafás,,Paai Rengel e outros dous romeus, Afonso Anes do Cotom,https://cantigas.fcsh.unl.pt/cantiga.asp?cdcant=1610&nl=5&tr=3&pv=sim,   (Linha 5): em ũa lide que foi em Josafás:
Lagares,,"Nostro Senhor, que bem alberguei", Pero Garcia Burgalês,https://cantigas.fcsh.unl.pt/cantiga.asp?cdcant=1412&nl=2&tr=3&pv=sim,"   (Linha 2): quand'a Lagares cheguei, noutro dia,"
Lampai,,A por que perço o dormir, João Airas de Santiago,https://cantigas.fcsh.unl.pt/cantiga.asp?cdcant=967&nl=21&tr=3&pv=sim,   (Linha 21): per caminho de Lampai
Leão,,"Ai amor, amore de Pero Cantone", Fernão Soares de Quinhones,https://cantigas.fcsh.unl.pt/cantiga.asp?cdcant=1586&nl=30&tr=3&pv=sim,   (Linha 30): que mora muit'acerca de Leone.
Leão,,"Andei, senhor, Leon e Castela", João Airas de Santiago,https://cantigas.fcsh.unl.pt/cantiga.asp?cdcant=956&nl=1&tr=3&pv=sim,"   (Linha 1): Andei, senhor, Leon e Castela"
Leão,,En'a primeira rua que cheguemos, Martim Anes Marinho,https://cantigas.fcsh.unl.pt/cantiga.asp?cdcant=1647&nl=20&tr=3&pv=sim,"   (Linha 20): nom destas maas feitas de León,"
Leão,,Já lhi nunca pediram, Afonso Mendes de Besteiros,https://cantigas.fcsh.unl.pt/cantiga.asp?cdcant=1592&nl=15&tr=3&pv=sim,"   (Linha 15): ""Em fronteira de Leon"","
Leão,,O que Balteira ora quer vingar, Pero Garcia de Ambroa ,https://cantigas.fcsh.unl.pt/cantiga.asp?cdcant=1621&nl=5&tr=3&pv=sim,"   (Linha 5): mais começ'ant'em reino de Leon,"
Leão,,Que muito mi de Fernam Diaz praz, Pero Garcia Burgalês,https://cantigas.fcsh.unl.pt/cantiga.asp?cdcant=1410&nl=20&tr=3&pv=sim,"   (Linha 20): e trasnoitou sobr'um hom'a Leon,"
Leão,,Que muito mi de Fernam Diaz praz, Pero Garcia Burgalês,https://cantigas.fcsh.unl.pt/cantiga.asp?cdcant=1410&nl=20&tr=3&pv=sim,"   (Linha 3): em Leon e nos veestes veer,"
Leão,,"Rui Martĩiz, pois que ést[e] assi"," Rui Martins (Cantom?), João Airas de Santiago",https://cantigas.fcsh.unl.pt/cantiga.asp?cdcant=1069&nl=3&tr=3&pv=sim,"   (Linha 3): em Leon e nos veestes veer,"
Leiria,,"À lealdade da Bezerra, que pela Beira muit'anda", Airas Peres Vuitorom,https://cantigas.fcsh.unl.pt/cantiga.asp?cdcant=1511&nl=11&tr=3&pv=sim,"   (Linha 11): O que vendeu Leirea muito tem que fez dereito,"
Leiria,,Disse-m'hoj'assi um home, Estêvão da Guarda,https://cantigas.fcsh.unl.pt/cantiga.asp?cdcant=1337&nl=7&tr=3&pv=sim,   (Linha 7): E disse-m'el: - Per Leirea
Leiria,,O arrais de Roi Garcia, Afonso Mendes de Besteiros,https://cantigas.fcsh.unl.pt/cantiga.asp?cdcant=1593&nl=2&tr=3&pv=sim,"   (Linha 2): que em Leirea tragia,"
Leiria,,O arrais de Roi Garcia, Afonso Mendes de Besteiros,https://cantigas.fcsh.unl.pt/cantiga.asp?cdcant=1593&nl=2&tr=3&pv=sim,   (Linha 1): Um sangrador de Leirea
Leiria,,Um sangrador de Leirea, Mem Rodrigues de Briteiros ou João Fernandes de Ardeleiro ,https://cantigas.fcsh.unl.pt/cantiga.asp?cdcant=1360&nl=1&tr=3&pv=sim,   (Linha 1): Um sangrador de Leirea
Lemos,,Da esteira vermelha cantarei, Lopo Lias,https://cantigas.fcsh.unl.pt/cantiga.asp?cdcant=1369&nl=500&tr=3&pv=sim,   (Na rubrica)
Libira,"Elvira, parte da cidade de Granada","Dom Gonçalo, pois queredes ir daqui pera Sevilha", Afonso X,https://cantigas.fcsh.unl.pt/cantiga.asp?cdcant=467&nl=4&tr=3&pv=sim,"   (Linha 4): Ir podedes a Libira e torceredes já-quanto,"
Lisboa,,Disse-m'hoj'assi um home, Estêvão da Guarda,https://cantigas.fcsh.unl.pt/cantiga.asp?cdcant=1337&nl=4&tr=3&pv=sim,   (Linha 4): pois que m'eu fiqu'em Lixboa!
Lisboa,,Dom Estêvam fez[o] sa partiçom, João Soares Coelho,https://cantigas.fcsh.unl.pt/cantiga.asp?cdcant=1437&nl=3&tr=3&pv=sim,"   (Linha 3): em Lixboa e mal em Santarém,"
Lisboa,,"Em Lixboa, sobre lo mar", João Zorro,https://cantigas.fcsh.unl.pt/cantiga.asp?cdcant=1177&nl=1&tr=3&pv=sim,"   (Linha 1): Em Lixboa, sobre lo mar,"
Lisboa,,"(Luis Vaasques, depois que parti)", Alvaro Afonso,https://cantigas.fcsh.unl.pt/cantiga.asp?cdcant=1706&nl=2&tr=3&pv=sim,"   (Linha 2): dessa cidade tão boa, Lisboa,"
Lisboa,,"Martim Vásquez, noutro dia"," Pedro, conde de Barcelos",https://cantigas.fcsh.unl.pt/cantiga.asp?cdcant=1465&nl=2&tr=3&pv=sim,"   (Linha 2): u estava em Lixboa,"
Lobatom,,A Lobatom quer'eu ir, Pero Viviães,https://cantigas.fcsh.unl.pt/cantiga.asp?cdcant=439&nl=1&tr=3&pv=sim,"   (Linha 1): A Lobatom quer'eu ir,"
Lombardia,,Desfiar enviarom ora de Tudela, Airas Nunes,https://cantigas.fcsh.unl.pt/cantiga.asp?cdcant=887&nl=8&tr=3&pv=sim,"   (Linha 8): dar-lhes-ei por câmbio quanto hei em Lombardia,"
Lombardia,,Joam Rodriguiz foi desmar a Balteira, Afonso X,https://cantigas.fcsh.unl.pt/cantiga.asp?cdcant=485&nl=17&tr=3&pv=sim,   (Linha 17): ca nom de Lombardia nem d'Alamanha;
Longos,,Sedia-xi Dom Belpelho em ũa sa maison, Afonso Lopes de Baião,https://cantigas.fcsh.unl.pt/cantiga.asp?cdcant=1503&nl=2&tr=3&pv=sim,"   (Linha 2): que chamam Longos, [d]ond'eles todos som."
Lora del Rio,,"Dom Foão, quand'ogan'aqui chegou", Afonso X,https://cantigas.fcsh.unl.pt/cantiga.asp?cdcant=490&nl=28&tr=3&pv=sim,   (Linha 28): se jamais nunca cuidei passar Lora!
Losi,,Coitado vivo d'amor, Vasco Rodrigues de Calvelo,https://cantigas.fcsh.unl.pt/cantiga.asp?cdcant=1008&nl=6&tr=3&pv=sim,   (Linha 6): mui mui fremos'em Losi.
Loulé,,Pero nom fui a Ultramar, Martim Soares,https://cantigas.fcsh.unl.pt/cantiga.asp?cdcant=114&nl=27&tr=3&pv=sim,"   (Linha 27): e quatr'ou cinco de Loulé,"
Lugo,,"Loavam um dia, em Lugo, Elvira", João Romeu de Lugo,https://cantigas.fcsh.unl.pt/cantiga.asp?cdcant=1637&nl=1&tr=3&pv=sim,"   (Linha 1): Loavam um dia, em Lugo, Elvira"
Lugo,,"Que adubastes, amigo, alá em Lug'u andastes", Fernando Esquio,https://cantigas.fcsh.unl.pt/cantiga.asp?cdcant=1328&nl=1&tr=3&pv=sim,"   (Linha 1): - Que adubastes, amigo, alá em Lug'u andast"
Maia,,Pois nom hei de Dona Elvira, Anónimo 1 ou Martim Soares,https://cantigas.fcsh.unl.pt/cantiga.asp?cdcant=150&nl=5&tr=3&pv=sim,"   (Linha 5): morarei cabo da Maia,"
Marialva,,"À lealdade da Bezerra, que pela Beira muit'anda", Airas Peres Vuitorom,https://cantigas.fcsh.unl.pt/cantiga.asp?cdcant=1511&nl=7&tr=3&pv=sim,"   (Linha 7): Por en diz que nom fez torto o que vendeu Marialva,"
Marselha,,Pero nom fui a Ultramar, Martim Soares,https://cantigas.fcsh.unl.pt/cantiga.asp?cdcant=114&nl=5&tr=3&pv=sim,   (Linha 5): diz que Marselha jaz além
Meca,,"Pedr'Amigo, quero de vós saber"," Vasco Peres Pardal, Pedro Amigo de Sevilha",https://cantigas.fcsh.unl.pt/cantiga.asp?cdcant=1542&nl=22&tr=3&pv=sim,"   (Linha 22): - Vaasco Pérez, bem de Meca vem"
Melide,,"O meu senhor o bispo, na Redondela, um dia", Airas Nunes,https://cantigas.fcsh.unl.pt/cantiga.asp?cdcant=889&nl=9&tr=3&pv=sim,   (Linha 9): escovardoas muitas fezerom em Molide.
Moeda Velha,,Direi-vos ora que oí dizer, João Vasques de Talaveira,https://cantigas.fcsh.unl.pt/cantiga.asp?cdcant=1578&nl=5&tr=3&pv=sim,   (Linha 5): ena Moeda Velha vai morar
Monçom,Monzón,Ora faz host'o senhor de Navarra, João Soares de Paiva,https://cantigas.fcsh.unl.pt/cantiga.asp?cdcant=1361&nl=7&tr=3&pv=sim,"   (Linha 7): mais se Deus traj'o senhor de Monçon,"
Monsanto,,"À lealdade da Bezerra, que pela Beira muit'anda", Airas Peres Vuitorom,https://cantigas.fcsh.unl.pt/cantiga.asp?cdcant=1511&nl=3&tr=3&pv=sim,"   (Linha 3): Nom tem Sueiro Bezerra que tort'é em vender Monsanto,"
Montemaior,,"Tu, que ora veens de Montemaior", Gil Sanches,https://cantigas.fcsh.unl.pt/cantiga.asp?cdcant=22&nl=1&tr=3&pv=sim,"   (Linha 1): Tu, que ora vens de Montemaior,"
Montpellier,,Dizem que ora chegou Dom Beeito, João Airas de Santiago,https://cantigas.fcsh.unl.pt/cantiga.asp?cdcant=1496&nl=3&tr=3&pv=sim,   (Linha 3): com sas merchandias de Mompiler;
Montpellier,,"Meestre Nicolás, a meu cuidar", Afonso Anes do Cotom,https://cantigas.fcsh.unl.pt/cantiga.asp?cdcant=1608&nl=5&tr=3&pv=sim,"   (Linha 5): e trage livros bem de Mompisler,"
Montpellier,,"Pero d'Ambroa prometeu, de pram", João Baveca,https://cantigas.fcsh.unl.pt/cantiga.asp?cdcant=1489&nl=5&tr=3&pv=sim,"   (Linha 5): ca entonce atá Mompilier chegou,"
Montpellier,,Quem mi ora quisesse cruzar, Pedro Amigo de Sevilha,https://cantigas.fcsh.unl.pt/cantiga.asp?cdcant=1687&nl=15&tr=3&pv=sim,"   (Linha 15): E poss'em Mompirler morar,"
Montpellier,,Sabedes vós: meestre Nicolao, Pero Garcia de Ambroa ,https://cantigas.fcsh.unl.pt/cantiga.asp?cdcant=1601&nl=8&tr=3&pv=sim,   (Linha 8): que aprendeu ogan'em Mompiler:
Monzón de Campos,,Ũa pregunta vos quero fazer,"Paio Gomes Charinho, Afonso X",https://cantigas.fcsh.unl.pt/cantiga.asp?cdcant=1650&nl=21&tr=3&pv=sim,   (Linha 21): nem mi derom meu jantar em Monçom;
Mora,,"Meu senhor, direi-vos ora:", Pero Gomes Barroso,https://cantigas.fcsh.unl.pt/cantiga.asp?cdcant=1479&nl=2&tr=3&pv=sim,"   (Linha 2): pela carreira de Mora,"
Mormojom,Torremormojón,Paai Rengel e outros dous romeus, Afonso Anes do Cotom,https://cantigas.fcsh.unl.pt/cantiga.asp?cdcant=1610&nl=14&tr=3&pv=sim,   (Linha 14): prenderam eles port'a Mormojom.
Morrazo,,A dona de Bagüin, Lopo Lias,https://cantigas.fcsh.unl.pt/cantiga.asp?cdcant=1383&nl=9&tr=3&pv=sim,   (Linha 9): Sabem em Morraz'e Salnês
Mouron,Moron de la Frontera,"Amigas, eu oí dizer ", Gonçalo Anes do Vinhal,https://cantigas.fcsh.unl.pt/cantiga.asp?cdcant=1422&nl=500&tr=3&pv=sim,   (Na rubrica)
Muimenta,,"Ogan', em Muïmenta", João Soares Somesso,https://cantigas.fcsh.unl.pt/cantiga.asp?cdcant=77&nl=1&tr=3&pv=sim,"   (Linha 1): Ogan', em Muïmenta,"
Navarra,,Ora faz host'o senhor de Navarra, João Soares de Paiva,https://cantigas.fcsh.unl.pt/cantiga.asp?cdcant=1361&nl=1&tr=3&pv=sim,"   (Linha 1): Ora faz host'o senhor de Navarra,"
Nogueira ou Nogueiró,,E nom est a de Nogueira, Pedro Anes Solaz,https://cantigas.fcsh.unl.pt/cantiga.asp?cdcant=834&nl=1&tr=3&pv=sim,   (Linha 1): E nom est a de Nogueira
Nogueira ou Nogueiró,,Pero nom fui a Ultramar, Martim Soares,https://cantigas.fcsh.unl.pt/cantiga.asp?cdcant=114&nl=13&tr=3&pv=sim,   (Linha 13): e ir a Nogueirol jantar
Ocrês,Uclês,Chegou Paio de más artes, Pero Mendes da Fonseca,https://cantigas.fcsh.unl.pt/cantiga.asp?cdcant=1624&nl=6&tr=3&pv=sim,   (Linha 6): foi comendador d'Ocrês.
Olide,Olite,Quand'eu d'Olide saí, Pero da Ponte,https://cantigas.fcsh.unl.pt/cantiga.asp?cdcant=1663&nl=1&tr=3&pv=sim,"   (Linha 1): Quand'eu d'Olide saí,"
Olmedo,,"Bem sabedes, senhor rei", Gil Peres Conde,https://cantigas.fcsh.unl.pt/cantiga.asp?cdcant=1565&nl=9&tr=3&pv=sim,   (Linha 9): vos servi e em Olmedo;
Olmedo,,"De longas vias, mui longas mentiras", Nuno Fernandes Torneol,https://cantigas.fcsh.unl.pt/cantiga.asp?cdcant=1402&nl=5&tr=3&pv=sim,"   (Linha 5): achei sas mentiras, entrant'a Olmedo,"
Orgaz,,"Joam Soárez, nom poss'eu estar"," João Soares Coelho, João Peres de Aboim",https://cantigas.fcsh.unl.pt/cantiga.asp?cdcant=1434&nl=12&tr=3&pv=sim,"   (Linha 12): e que x'é vosso Toled'e Orgaz,"
Orzelhon,,A mi quer mal o infançom, Lopo Lias,https://cantigas.fcsh.unl.pt/cantiga.asp?cdcant=1372&nl=3&tr=3&pv=sim,   (Linha 3): por trobadores d'Orzelhom
Orzelhon,,Enmentar quer'eu do brial, Lopo Lias,https://cantigas.fcsh.unl.pt/cantiga.asp?cdcant=1371&nl=19&tr=3&pv=sim,   (Linha 19): Bem t'ajudarám d'Orzelhom
Orzelhon,,"Se m'el-rei dess'algo, já m'iria", Lopo Lias,https://cantigas.fcsh.unl.pt/cantiga.asp?cdcant=1385&nl=7&tr=3&pv=sim,   (Linha 7): em Orzelhom ora noutro dia!
Oscos,,Lop'Anaia nom se vaia, Fernão Soares de Quinhones,https://cantigas.fcsh.unl.pt/cantiga.asp?cdcant=1588&nl=30&tr=3&pv=sim,   (Linha 30): em Oscos - esto bem sai.
Ourens,Ourense,Com'eu em dia de Páscoa querria bem comer, Afonso X,https://cantigas.fcsh.unl.pt/cantiga.asp?cdcant=494&nl=10&tr=3&pv=sim,"   (Linha 10): Assi com'eu beveria [do] bom vinho d'Ourens,"
Palença,,As mias jornadas vedes quaes som, Afonso Anes do Cotom,https://cantigas.fcsh.unl.pt/cantiga.asp?cdcant=975&nl=3&tr=3&pv=sim,"   (Linha 3): de Castr'a Burgos e end'a Palença,"
Pamplona,,Ora faz host'o senhor de Navarra, João Soares de Paiva,https://cantigas.fcsh.unl.pt/cantiga.asp?cdcant=1361&nl=10&tr=3&pv=sim,"   (Linha 10): que de Pamplona oístes nomear,"
Pavia,,O que seja no pavio, João Fernandes de Ardeleiro ,https://cantigas.fcsh.unl.pt/cantiga.asp?cdcant=1357&nl=2&tr=3&pv=sim,"   (Linha 2): que me fez perder Pavia,"
Poi,Le Puy-en-Velays,"Fernam Díaz, este que and'aqui", Pero Garcia Burgalês,https://cantigas.fcsh.unl.pt/cantiga.asp?cdcant=1406&nl=19&tr=3&pv=sim,   (Linha 19): destes maos contrafeitos del Poi;
Porta do Ferro,,"Bom casament'é, pera Dom Gramilho", João Soares Coelho,https://cantigas.fcsh.unl.pt/cantiga.asp?cdcant=1443&nl=2&tr=3&pv=sim,   (Linha 2): ena Porta do Ferr'ũa tendeira;
Porto,,(Do Port’and’e vou mudar), Fernando Eanes,https://cantigas.fcsh.unl.pt/cantiga.asp?cdcant=1700&nl=1&tr=3&pv=sim,"   (Linha 1): Do Port'and'e vou mudar,"
Portugal,,A mi dizem quantos amigos hei, João Fernandes de Ardeleiro ,https://cantigas.fcsh.unl.pt/cantiga.asp?cdcant=1358&nl=2&tr=3&pv=sim,"   (Linha 2): por que vivo tam muit'em Portugal,"
Portugal,,A sa vida seja muita,"João, jograr",https://cantigas.fcsh.unl.pt/cantiga.asp?cdcant=1131&nl=2&tr=3&pv=sim,"   (Linha 2): deste rei de Portugal,"
Portugal,,"Ai amigas, perdud'ham conhocer", João Garcia de Guilhade,https://cantigas.fcsh.unl.pt/cantiga.asp?cdcant=788&nl=3&tr=3&pv=sim,   (Linha 3): de Portugal: já nom ham coraçom
Portugal,,Dom Estêvam diz que desamor, Airas Peres Vuitorom,https://cantigas.fcsh.unl.pt/cantiga.asp?cdcant=1512&nl=21&tr=3&pv=sim,   (Linha 21): nem veerá jamais em Portugal.
Portugal,,"Dom Foão, que eu sei que há preço de livão", Afonso Mendes de Besteiros,https://cantigas.fcsh.unl.pt/cantiga.asp?cdcant=1591&nl=5&tr=3&pv=sim,   (Linha 5): çou rab'e foi sa via a Portugal.
Portugal,,El-rei de Portugale, João Zorro,https://cantigas.fcsh.unl.pt/cantiga.asp?cdcant=1178&nl=1&tr=3&pv=sim,   (Linha 1): El-rei de Portugale
Portugal,,Já lhi nunca pediram, Afonso Mendes de Besteiros,https://cantigas.fcsh.unl.pt/cantiga.asp?cdcant=1592&nl=21&tr=3&pv=sim,"   (Linha 21): ""Em cabo de Portugal"","
Portugal,,Joam Rodriguiz foi desmar a Balteira, Afonso X,https://cantigas.fcsh.unl.pt/cantiga.asp?cdcant=485&nl=14&tr=3&pv=sim,"   (Linha 14): e Alvela, que andou em Portugal;"
Portugal,,Joam Rodriguiz foi desmar a Balteira, Afonso X,https://cantigas.fcsh.unl.pt/cantiga.asp?cdcant=485&nl=14&tr=3&pv=sim,"   (Linha 13): se te deitam por en de Portugal,"
Portugal,,"Joam Vaásquez, moiro por saber"," Lourenço, João Vasques de Talaveira",https://cantigas.fcsh.unl.pt/cantiga.asp?cdcant=1459&nl=13&tr=3&pv=sim,"   (Linha 13): se te deitam por en de Portugal,"
Portugal,,Meu senhor rei de Castela, João Airas de Santiago,https://cantigas.fcsh.unl.pt/cantiga.asp?cdcant=973&nl=24&tr=3&pv=sim,   (Linha 24): ir-m'-ei ao de Portugal.
Portugal,,Moir'eu aqui d'adessoriam, Pero Gomes Barroso,https://cantigas.fcsh.unl.pt/cantiga.asp?cdcant=1475&nl=6&tr=3&pv=sim,   (Linha 6): moir'eu do que em Portugal
Portugal,,Muitos a que Deus quis dar mui bom sem, Pero Guterres,https://cantigas.fcsh.unl.pt/cantiga.asp?cdcant=929&nl=22&tr=3&pv=sim,"   (Linha 22): E, senhor rei de Portugal, aqui"
Portugal,,- O voss'amigo que s'a cas d'el-rei, João Airas de Santiago,https://cantigas.fcsh.unl.pt/cantiga.asp?cdcant=1059&nl=8&tr=3&pv=sim,"   (Linha 8): que vos trage dõas de Portugal,"
Portugal,,Os namorados que trobam d'amor," João, jograr",https://cantigas.fcsh.unl.pt/cantiga.asp?cdcant=1132&nl=5&tr=3&pv=sim,"   (Linha 5): com'el-rei dom Denis de Portugal,"
Portugal,,Quem me podia defender, Gil Peres Conde,https://cantigas.fcsh.unl.pt/cantiga.asp?cdcant=1559&nl=18&tr=3&pv=sim,"   (Linha 18): porque falei em Portugal,"
Portugal,,Quem me podia defender, Gil Peres Conde,https://cantigas.fcsh.unl.pt/cantiga.asp?cdcant=1559&nl=18&tr=3&pv=sim,   (Linha 25): já ũa vez um rei em Portugal:
Portugal,,"Rei D. Afonso, se Deus vos perdom"," Vasco Gil, Afonso X",https://cantigas.fcsh.unl.pt/cantiga.asp?cdcant=1545&nl=25&tr=3&pv=sim,   (Linha 25): já ũa vez um rei em Portugal:
Provença,,Ora faz host'o senhor de Navarra, João Soares de Paiva,https://cantigas.fcsh.unl.pt/cantiga.asp?cdcant=1361&nl=2&tr=3&pv=sim,   (Linha 2): pois em Proenç'est el-rei d'Aragom;
Redondela,,"O meu senhor o bispo, na Redondela, um dia", Airas Nunes,https://cantigas.fcsh.unl.pt/cantiga.asp?cdcant=889&nl=1&tr=3&pv=sim,"   (Linha 1): O meu senhor o bispo, na Redondela, um dia,"
Riba de Límia,Riba de Lima,"Ai, Pai Soárez, venho-vos rogar"," Paio Soares de Taveirós , Martim Soares",https://cantigas.fcsh.unl.pt/cantiga.asp?cdcant=115&nl=500&tr=3&pv=sim,   (Na rubrica)
Rio Jordão,,"Pero d'Ambroa prometeu, de pram", João Baveca,https://cantigas.fcsh.unl.pt/cantiga.asp?cdcant=1489&nl=4&tr=3&pv=sim,   (Linha 4): com'acabou a do frume Jordam:
Rio Sar,,Pelo souto de Crexente, João Airas de Santiago,https://cantigas.fcsh.unl.pt/cantiga.asp?cdcant=974&nl=7&tr=3&pv=sim,"   (Linha 7): do sol, nas ribas do Sar."
Rio Sar,,Quand'eu um dia fui em Compostela, Pedro Amigo de Sevilha,https://cantigas.fcsh.unl.pt/cantiga.asp?cdcant=1113&nl=34&tr=3&pv=sim,"   (Linha 34): aqui, d'u sõo natural, do Sar,"
Rocamador,Rocamadour,Pero nom fui a Ultramar, Martim Soares,https://cantigas.fcsh.unl.pt/cantiga.asp?cdcant=114&nl=20&tr=3&pv=sim,"   (Linha 20): natural de Rocamador,"
Rocamador,Rocamadour,Quand'eu um dia fui em Compostela, Pedro Amigo de Sevilha,https://cantigas.fcsh.unl.pt/cantiga.asp?cdcant=1113&nl=10&tr=3&pv=sim,"   (Linha 10): e boas cintas de Rocamador,"
Roçavales,Roncesvalles,"Pero d'Ambroa prometeu, de pram", João Baveca,https://cantigas.fcsh.unl.pt/cantiga.asp?cdcant=1489&nl=6&tr=3&pv=sim,   (Linha 6): e ora per Roçavales passou
Roda,,"Maestr'Acenço, dereito faria", Martim Moxa,https://cantigas.fcsh.unl.pt/cantiga.asp?cdcant=923&nl=4&tr=3&pv=sim,"   (Linha 4): sem seu mandad', a Roda, noutro dia:"
Roma,,"Joam Fernández, o mund'é torvado", João Soares Coelho,https://cantigas.fcsh.unl.pt/cantiga.asp?cdcant=1436&nl=4&tr=3&pv=sim,"   (Linha 4): contra Roma, e Tártaros viir,"
Roma,,"Joam Fernández, o mund'é torvado", João Soares Coelho,https://cantigas.fcsh.unl.pt/cantiga.asp?cdcant=1436&nl=4&tr=3&pv=sim,"   (Linha 30): que o poder que Deus em Roma deu,"
Roma,,"Pedr'Amigo, quero de vós saber"," Vasco Peres Pardal, Pedro Amigo de Sevilha",https://cantigas.fcsh.unl.pt/cantiga.asp?cdcant=1542&nl=30&tr=3&pv=sim,"   (Linha 30): que o poder que Deus em Roma deu,"
Rouen,,Sedia-xi Dom Belpelho em ũa sa maison, Afonso Lopes de Baião,https://cantigas.fcsh.unl.pt/cantiga.asp?cdcant=1503&nl=31&tr=3&pv=sim,"   (Linha 31): ceram'e cint'e calças de Roam,"
Runa,,Dom Estêvam fez[o] sa partiçom, João Soares Coelho,https://cantigas.fcsh.unl.pt/cantiga.asp?cdcant=1437&nl=5&tr=3&pv=sim,"   (Linha 5): caeu em Runa atá eno Arnado,"
S. Félix,,"Pero d'Armea, quando composestes", Pero Garcia de Ambroa ,https://cantigas.fcsh.unl.pt/cantiga.asp?cdcant=1627&nl=14&tr=3&pv=sim,   (Linha 14): de Sam Fagundo atá Sam Felizes.
S. Paio,,"Nostro Senhor, que bem alberguei", Pero Garcia Burgalês,https://cantigas.fcsh.unl.pt/cantiga.asp?cdcant=1412&nl=7&tr=3&pv=sim,   (Linha 7): em Sam Paaio - contra u eu ia.
Sahagún,,De Pero Bõõ and'ora espantado, Pero Garcia de Ambroa ,https://cantigas.fcsh.unl.pt/cantiga.asp?cdcant=1599&nl=10&tr=3&pv=sim,   (Linha 10): Ca de Santiag'atá Sam Fagundo
Sahagún,,"Dom Fernando, vejo-vos andar ledo", Airas Peres Vuitorom,https://cantigas.fcsh.unl.pt/cantiga.asp?cdcant=1514&nl=4&tr=3&pv=sim,   (Linha 4): de Sam Fagundo e d'Esturas d'Ovedo;
Sahagún,,"Fernam Díaz é aqui, como vistes", Airas Peres Vuitorom,https://cantigas.fcsh.unl.pt/cantiga.asp?cdcant=1513&nl=13&tr=3&pv=sim,   (Linha 13): Ca d'Estorga atá Sam Fagundo
Sahagún,,"Pero d'Armea, quando composestes", Pero Garcia de Ambroa ,https://cantigas.fcsh.unl.pt/cantiga.asp?cdcant=1627&nl=14&tr=3&pv=sim,   (Linha 14): de Sam Fagundo atá Sam Felizes.
Salnés,,A dona de Bagüin, Lopo Lias,https://cantigas.fcsh.unl.pt/cantiga.asp?cdcant=1383&nl=9&tr=3&pv=sim,   (Linha 9): Sabem em Morraz'e Salnês
Sanhoane,S. João,,,,
Sansonha,Saxónia,"Amor, des que m'a vós cheguei", Anónimo,https://cantigas.fcsh.unl.pt/cantiga.asp?cdcant=1&nl=500&tr=3&pv=sim,   (Na rubrica)
Santarém,,"À lealdade da Bezerra, que pela Beira muit'anda", Airas Peres Vuitorom,https://cantigas.fcsh.unl.pt/cantiga.asp?cdcant=1511&nl=18&tr=3&pv=sim,   (Linha 18): bem esmolou em sa vida quem deu Santarém ao Conde.
Santarém,,A mais fremosa de quantas vejo, Anónimo de Santarém,https://cantigas.fcsh.unl.pt/cantiga.asp?cdcant=830&nl=2&tr=3&pv=sim,"   (Linha 2): em Santarém e que mais desejo,"
Santarém,,"Amigos, des que me parti", Anónimo de Santarém,https://cantigas.fcsh.unl.pt/cantiga.asp?cdcant=832&nl=6&tr=3&pv=sim,   (Linha 6): des que me vim de Santarém.
Santarém,,Dom Estêvam fez[o] sa partiçom, João Soares Coelho,https://cantigas.fcsh.unl.pt/cantiga.asp?cdcant=1437&nl=3&tr=3&pv=sim,"   (Linha 3): em Lixboa e mal em Santarém,"
Santarém,,Dom Estêvam diz que desamor, Airas Peres Vuitorom,https://cantigas.fcsh.unl.pt/cantiga.asp?cdcant=1512&nl=14&tr=3&pv=sim,   (Linha 14): mentr'o Cond'assi houver Santarém.
Santarém,,"[E]stêv[am] Eanes, por Deus mandade", Estêvão Fernandes Barreto,https://cantigas.fcsh.unl.pt/cantiga.asp?cdcant=1636&nl=13&tr=3&pv=sim,"   (Linha 13): E cada que el vem a Santarém,"
Santarém,,"Elvira López, aqui noutro dia", João Garcia de Guilhade,https://cantigas.fcsh.unl.pt/cantiga.asp?cdcant=1523&nl=22&tr=3&pv=sim,   (Linha 22): E o peom virom em Santarém;
Santarém,,O arrais de Roi Garcia, Afonso Mendes de Besteiros,https://cantigas.fcsh.unl.pt/cantiga.asp?cdcant=1593&nl=9&tr=3&pv=sim,   (Linha 9): e pois veo a Santarém
Santarém,,Pero eu vejo aqui trobadores, Anónimo de Santarém,https://cantigas.fcsh.unl.pt/cantiga.asp?cdcant=831&nl=8&tr=3&pv=sim,"   (Linha 8): em Santarém, e que mais desejo, "
Santarém,,Pero nom fui a Ultramar, Martim Soares,https://cantigas.fcsh.unl.pt/cantiga.asp?cdcant=114&nl=11&tr=3&pv=sim,"   (Linha 11): de Belfurad'a Santarém,"
Santiago de Compostela,,A Santiag'em romaria vem, Airas Nunes,https://cantigas.fcsh.unl.pt/cantiga.asp?cdcant=881&nl=1&tr=3&pv=sim,   (Linha 1): A Santiag'em romaria vem
Santiago de Compostela,,De Pero Bõõ and'ora espantado, Pero Garcia de Ambroa ,https://cantigas.fcsh.unl.pt/cantiga.asp?cdcant=1599&nl=10&tr=3&pv=sim,   (Linha 10): Ca de Santiag'atá Sam Fagundo
Santiago de Compostela,,Dom Pero Núnez era em Cornado, João Airas de Santiago,https://cantigas.fcsh.unl.pt/cantiga.asp?cdcant=1501&nl=2&tr=3&pv=sim,   (Linha 2): e ia-s'a Santiag'albergar;
Santiago de Compostela,,Por fazer romaria pug'em meu coraçom, Airas Carpancho,https://cantigas.fcsh.unl.pt/cantiga.asp?cdcant=684&nl=2&tr=3&pv=sim,   (Linha 2): a Santiag'[ir] um dia por fazer oraçom
Santiago de Compostela,,Porque no mundo mengou a verdade, Airas Nunes,https://cantigas.fcsh.unl.pt/cantiga.asp?cdcant=878&nl=22&tr=3&pv=sim,"   (Linha 22): Em Santiago, seend'albergado"
Santiago de Compostela,,Quand'eu um dia fui em Compostela, Pedro Amigo de Sevilha,https://cantigas.fcsh.unl.pt/cantiga.asp?cdcant=1113&nl=1&tr=3&pv=sim,   (Linha 1): Quand'eu um dia fui em Compostela
Santiago de Compostela,,"Que adubastes, amigo, alá em Lug'u andastes", Fernando Esquio,https://cantigas.fcsh.unl.pt/cantiga.asp?cdcant=1328&nl=4&tr=3&pv=sim,"   (Linha 4): o amor que eu levei de Santiago a Lugo,"
Santiago de Compostela,,Quem seu parente vendia, Pero da Ponte,https://cantigas.fcsh.unl.pt/cantiga.asp?cdcant=1674&nl=9&tr=3&pv=sim,   (Linha 9): se tevess'em Santiago
Sarria,,"Martim Moia, a mia alma se perca"," Afonso Gomes, jograr de Sarria",https://cantigas.fcsh.unl.pt/cantiga.asp?cdcant=890&nl=500&tr=3&pv=sim,   (Na rubrica)
Segóvia,,Cuidou-s'Amor que logo me faria, João Garcia de Guilhade,https://cantigas.fcsh.unl.pt/cantiga.asp?cdcant=405&nl=16&tr=3&pv=sim,   (Linha 16): E vim aqui a Segóbia morrer!
Segóvia,,D'um tal ric'home vos quero contar, Pero da Ponte,https://cantigas.fcsh.unl.pt/cantiga.asp?cdcant=1659&nl=2&tr=3&pv=sim,"   (Linha 2): que noutro dia a Segóvia chegou,"
Seia,,Disse-m'hoj'assi um home, Estêvão da Guarda,https://cantigas.fcsh.unl.pt/cantiga.asp?cdcant=1337&nl=8&tr=3&pv=sim,"   (Linha 8): se vai, caminho de Sea."
Seserigo,,A mais fremosa de quantas vejo, Anónimo de Santarém,https://cantigas.fcsh.unl.pt/cantiga.asp?cdcant=830&nl=6&tr=3&pv=sim,   (Linha 6): al é Alfanx'e al Seserigo!
Seserigo,,Pero eu vejo aqui trobadores, Anónimo de Santarém,https://cantigas.fcsh.unl.pt/cantiga.asp?cdcant=831&nl=6&tr=3&pv=sim,   (Linha 6): al é Alfanx'e al Seserigo!
Sevilha,,Lop'Anaia nom se vaia, Fernão Soares de Quinhones,https://cantigas.fcsh.unl.pt/cantiga.asp?cdcant=1588&nl=25&tr=3&pv=sim,   (Linha 25): Nom se vaia de Sevilha
Sevilha,,"Madre, quer'hoj eu ir veer", Rui Fernandes de Santiago,https://cantigas.fcsh.unl.pt/cantiga.asp?cdcant=940&nl=3&tr=3&pv=sim,   (Linha 3): a Sevilha el-rei servir;
Sevilha,,O mui bom rei que conquis a fronteira, Pero da Ponte,https://cantigas.fcsh.unl.pt/cantiga.asp?cdcant=991&nl=10&tr=3&pv=sim,   (Linha 10): de quam bem soube conquerer Sevilha
Sevilha,,Ora nom dev'eu preçar parecer, Rui Fernandes de Santiago,https://cantigas.fcsh.unl.pt/cantiga.asp?cdcant=939&nl=6&tr=3&pv=sim,   (Linha 6): de Sevi[lha................].
Sil,,Mester havia Dom Gil, Afonso X,https://cantigas.fcsh.unl.pt/cantiga.asp?cdcant=458&nl=9&tr=3&pv=sim,   (Linha 9): podengo de riba Sil
Sil,,"Ogan', em Muïmenta", João Soares Somesso,https://cantigas.fcsh.unl.pt/cantiga.asp?cdcant=77&nl=7&tr=3&pv=sim,   (Linha 7): cedo moira no Sil
Sintra,,"À lealdade da Bezerra, que pela Beira muit'anda", Airas Peres Vuitorom,https://cantigas.fcsh.unl.pt/cantiga.asp?cdcant=1511&nl=27&tr=3&pv=sim,"   (Linha 27): O que ofereceu Sintra fez come bom cavaleiro,"
Sintra,,"(Luis Vaasques, depois que parti)", Alvaro Afonso,https://cantigas.fcsh.unl.pt/cantiga.asp?cdcant=1706&nl=5&tr=3&pv=sim,"   (Linha 5): acerca de Sintra, ó pé desta serra,"
Somportes,Somport,Pero nom fui a Ultramar, Martim Soares,https://cantigas.fcsh.unl.pt/cantiga.asp?cdcant=114&nl=7&tr=3&pv=sim,   (Linha 7): e Somportes log'i a par.
Sortelha,,"À lealdade da Bezerra, que pela Beira muit'anda", Airas Peres Vuitorom,https://cantigas.fcsh.unl.pt/cantiga.asp?cdcant=1511&nl=20&tr=3&pv=sim,"   (Linha 20): Covilhã, e Pero Dias, Sortelha; e diss'o Conde:"
Sousa,,Alá u nazq la Torona, Garcia Mendes de Eixo,https://cantigas.fcsh.unl.pt/cantiga.asp?cdcant=455&nl=6&tr=3&pv=sim,"   (Linha 6): a Sousa, a lo mon logar,"
Sousa,,"Meu senhor arcebispo, and'eu escomungado", Diego Pezelho,https://cantigas.fcsh.unl.pt/cantiga.asp?cdcant=1616&nl=11&tr=3&pv=sim,"   (Linha 11): Per mia malaventura, tivi um castelo em Sousa"
Sousela,,Pois boas donas som desemparadas, Martim Soares,https://cantigas.fcsh.unl.pt/cantiga.asp?cdcant=149&nl=16&tr=3&pv=sim,   (Linha 16): netos de Gued'e partir em Sousela.
Soutomaior,,"Dom Meendo, Dom Meendo", Afonso X,https://cantigas.fcsh.unl.pt/cantiga.asp?cdcant=477&nl=4&tr=3&pv=sim,"   (Linha 4): Amigo de Souto Maior,"
Soveral,Sobral,A dona de Bagüin, Lopo Lias,https://cantigas.fcsh.unl.pt/cantiga.asp?cdcant=1383&nl=2&tr=3&pv=sim,"   (Linha 2): que mora no Soveral,"
Soveral,Sobral,A dona fremosa do Soveral, Lopo Lias,https://cantigas.fcsh.unl.pt/cantiga.asp?cdcant=1382&nl=1&tr=3&pv=sim,   (Linha 1): A dona fremosa do Soveral
Soveral,Sobral,"Nom mi digades, madre, mal e irei", Martim de Ginzo,https://cantigas.fcsh.unl.pt/cantiga.asp?cdcant=1305&nl=3&tr=3&pv=sim,   (Linha 3): na ermida do Soveral
Talaveira,,"Dom Foão, quand'ogan'aqui chegou", Afonso X,https://cantigas.fcsh.unl.pt/cantiga.asp?cdcant=490&nl=21&tr=3&pv=sim,   (Linha 21): feze-o poer além Talaveira.
Tamariz,,Paai Rengel e outros dous romeus, Afonso Anes do Cotom,https://cantigas.fcsh.unl.pt/cantiga.asp?cdcant=1610&nl=21&tr=3&pv=sim,   (Linha 21): aportarom eles em Tamariz.
Tarrazona,,Ora faz host'o senhor de Navarra, João Soares de Paiva,https://cantigas.fcsh.unl.pt/cantiga.asp?cdcant=1361&nl=4&tr=3&pv=sim,"   (Linha 4): Tarraçona, pero vezinhos som,"
Terra de Campos,,"Dom Rodrigo, moordomo, que bem pôs a 'l-rei a mesa", Afonso X,https://cantigas.fcsh.unl.pt/cantiga.asp?cdcant=465&nl=5&tr=3&pv=sim,   (Linha 5): E dos poldrancos de Campos levarei grandes companhas
Terra de Campos,,Nom levava nem dinheiro, Gonçalo Anes do Vinhal,https://cantigas.fcsh.unl.pt/cantiga.asp?cdcant=1425&nl=3&tr=3&pv=sim,   (Linha 3): per Campos e quix pousar
Toledo,,A ũa velha quisera trobar, Afonso Anes do Cotom,https://cantigas.fcsh.unl.pt/cantiga.asp?cdcant=1614&nl=2&tr=3&pv=sim,   (Linha 2): quand'em Toledo fiquei desta vez;
Toledo,,A meu amigo mandad'enviei, João Airas de Santiago,https://cantigas.fcsh.unl.pt/cantiga.asp?cdcant=1040&nl=2&tr=3&pv=sim,"   (Linha 2): a Toled', amiga, per boa fé,"
Toledo,,"Bem sabedes, senhor rei", Gil Peres Conde,https://cantigas.fcsh.unl.pt/cantiga.asp?cdcant=1565&nl=11&tr=3&pv=sim,"   (Linha 11): e outrossi em Toledo,"
Toledo,,"De longas vias, mui longas mentiras", Nuno Fernandes Torneol,https://cantigas.fcsh.unl.pt/cantiga.asp?cdcant=1402&nl=4&tr=3&pv=sim,   (Linha 4): indo de Valedolide pera Toledo:
Toledo,,Dom Domingo Caorinha, João Servando,https://cantigas.fcsh.unl.pt/cantiga.asp?cdcant=1454&nl=15&tr=3&pv=sim,   (Linha 15): daqui atró em Toledo
Toledo,,"Eu, em Toledo, sempr'ouço dizer", Pero da Ponte,https://cantigas.fcsh.unl.pt/cantiga.asp?cdcant=1679&nl=1&tr=3&pv=sim,"   (Linha 1): Eu, em Toledo, sempr'ouço dizer"
Toledo,,"Eu, em Toledo, sempr'ouço dizer", Pero da Ponte,https://cantigas.fcsh.unl.pt/cantiga.asp?cdcant=1679&nl=1&tr=3&pv=sim,"   (Linha 12): e que x'é vosso Toled'e Orgaz,"
Toledo,,"Joam Soárez, nom poss'eu estar"," João Soares Coelho, João Peres de Aboim",https://cantigas.fcsh.unl.pt/cantiga.asp?cdcant=1434&nl=12&tr=3&pv=sim,"   (Linha 12): e que x'é vosso Toled'e Orgaz,"
Torona,,Alá u nazq la Torona, Garcia Mendes de Eixo,https://cantigas.fcsh.unl.pt/cantiga.asp?cdcant=455&nl=1&tr=3&pv=sim,   (Linha 1): Alá u nazq la Torona
Touro,Toro,"Meu senhor, direi-vos ora:", Pero Gomes Barroso,https://cantigas.fcsh.unl.pt/cantiga.asp?cdcant=1479&nl=4&tr=3&pv=sim,"   (Linha 4): e convosco os de Touro,"
Trancoso,,"À lealdade da Bezerra, que pela Beira muit'anda", Airas Peres Vuitorom,https://cantigas.fcsh.unl.pt/cantiga.asp?cdcant=1511&nl=23&tr=3&pv=sim,"   (Linha 23): Ofereceu Trancos', ao Conde, Roi Bezerro;"
Tudela,,Desfiar enviarom ora de Tudela, Airas Nunes,https://cantigas.fcsh.unl.pt/cantiga.asp?cdcant=887&nl=1&tr=3&pv=sim,   (Linha 1): Desfiar enviarom ora de Tudela
Tudela,,Ora faz host'o senhor de Navarra, João Soares de Paiva,https://cantigas.fcsh.unl.pt/cantiga.asp?cdcant=1361&nl=11&tr=3&pv=sim,"   (Linha 11): mal ficará aquest'outr'em Todela,"
Ultramar,,"Fernam Díaz, este que and'aqui", Pero Garcia Burgalês,https://cantigas.fcsh.unl.pt/cantiga.asp?cdcant=1406&nl=2&tr=3&pv=sim,"   (Linha 2): foi ũa vez daqui a Ultramar,"
Ultramar,,"Maria Pérez, a nossa cruzada", Pero da Ponte,https://cantigas.fcsh.unl.pt/cantiga.asp?cdcant=1668&nl=2&tr=3&pv=sim,"   (Linha 2): quando veo da terra d'Ultramar,"
Ultramar,,"Marinha Mejouchi, Pero d'Ambroa", Pedro Amigo de Sevilha,https://cantigas.fcsh.unl.pt/cantiga.asp?cdcant=1691&nl=3&tr=3&pv=sim,   (Linha 3): que nunca foi na terra d'Ultramar;
Ultramar,,"Meestre Nicolás, a meu cuidar", Afonso Anes do Cotom,https://cantigas.fcsh.unl.pt/cantiga.asp?cdcant=1608&nl=4&tr=3&pv=sim,   (Linha 4): mais vejo-lhi capelo d'ultramar
Ultramar,,Paai Rengel e outros dous romeus, Afonso Anes do Cotom,https://cantigas.fcsh.unl.pt/cantiga.asp?cdcant=1610&nl=10&tr=3&pv=sim,   (Linha 10): d'ũa lide que foi em Ultramar:
Ultramar,,"Pero d'Ambroa, se Deus mi perdom", Pero Gomes Barroso,https://cantigas.fcsh.unl.pt/cantiga.asp?cdcant=1480&nl=2&tr=3&pv=sim,"   (Linha 2): nom vos trobei da terra d'Ultramar,"
Ultramar,,Quem mi ora quisesse cruzar, Pedro Amigo de Sevilha,https://cantigas.fcsh.unl.pt/cantiga.asp?cdcant=1687&nl=3&tr=3&pv=sim,   (Linha 3): bem como foi a Ultramar
Ultramar,,Querri'agora fazer um cantar, Pero Garcia de Ambroa ,https://cantigas.fcsh.unl.pt/cantiga.asp?cdcant=1622&nl=11&tr=3&pv=sim,"   (Linha 11): e eu com el, quando vim d'Ultramar;"
Ultramar,,Querri'agora fazer um cantar, Pero Garcia de Ambroa ,https://cantigas.fcsh.unl.pt/cantiga.asp?cdcant=1622&nl=11&tr=3&pv=sim,"   (Linha 27): vossa senhor a Ultramar,"
Ultramar,,"Sénher, ad-ars ie'us venh querer"," Arnaldo, Afonso X",https://cantigas.fcsh.unl.pt/cantiga.asp?cdcant=480&nl=27&tr=3&pv=sim,"   (Linha 27): vossa senhor a Ultramar,"
Ultramar,,Pero nom fui a Ultramar, Martim Soares,https://cantigas.fcsh.unl.pt/cantiga.asp?cdcant=114&nl=500&tr=3&pv=sim,   (Na rubrica)
Valada,,D'ũa gram vinha que tem em Valada, Estêvão da Guarda,https://cantigas.fcsh.unl.pt/cantiga.asp?cdcant=1330&nl=1&tr=3&pv=sim,   (Linha 1): D'ũa gram vinha que tem em Valada
Vale de Canhas,,"Dom Rodrigo, moordomo, que bem pôs a 'l-rei a mesa", Afonso X,https://cantigas.fcsh.unl.pt/cantiga.asp?cdcant=465&nl=6&tr=3&pv=sim,   (Linha 6): e dar-vos-ei em ajuda tôdolos de Val de Canhas;
Valência,,O que Valença conquereu, Pero da Ponte,https://cantigas.fcsh.unl.pt/cantiga.asp?cdcant=997&nl=1&tr=3&pv=sim,   (Linha 1): O que Valença conquereu
Valladolid,,"De longas vias, mui longas mentiras", Nuno Fernandes Torneol,https://cantigas.fcsh.unl.pt/cantiga.asp?cdcant=1402&nl=4&tr=3&pv=sim,   (Linha 4): indo de Valedolide pera Toledo:
Valledolí,,"O meu senhor o bispo, na Redondela, um dia", Airas Nunes,https://cantigas.fcsh.unl.pt/cantiga.asp?cdcant=889&nl=8&tr=3&pv=sim,   (Linha 8): [e] pero que já fora cabo Valedolide
Veiga,,O que foi passar a serra, Afonso X,https://cantigas.fcsh.unl.pt/cantiga.asp?cdcant=498&nl=21&tr=3&pv=sim,   (Linha 21): é por nom entrar na Veiga
Vigo,,"Ai Deus, se sab'ora meu amigo", Martim Codax,https://cantigas.fcsh.unl.pt/cantiga.asp?cdcant=1311&nl=2&tr=3&pv=sim,   (Linha 2): com'eu senheira estou em Vigo!
Vigo,,Eno sagrado em Vigo, Martim Codax,https://cantigas.fcsh.unl.pt/cantiga.asp?cdcant=1313&nl=1&tr=3&pv=sim,   (Linha 1): Eno sagrado em Vigo
Vigo,,Mandad'hei comigo, Martim Codax,https://cantigas.fcsh.unl.pt/cantiga.asp?cdcant=1309&nl=3&tr=3&pv=sim,"   (Linha 3): e irei, madr', a Vigo."
Vigo,,"Mia irmana fremosa, treides comigo", Martim Codax,https://cantigas.fcsh.unl.pt/cantiga.asp?cdcant=1310&nl=2&tr=3&pv=sim,   (Linha 2): a la igreja de Vigo u é o mar salido
Vigo,,Ondas do mar de Vigo, Martim Codax,https://cantigas.fcsh.unl.pt/cantiga.asp?cdcant=1308&nl=1&tr=3&pv=sim,"   (Linha 1): Ondas do mar de Vigo,"
Vigo,,Quantas sabedes amar amigo, Martim Codax,https://cantigas.fcsh.unl.pt/cantiga.asp?cdcant=1312&nl=2&tr=3&pv=sim,   (Linha 2): treides comig'a lo mar de Vigo
Vila Real,Ciudad Real,"Pero da Ponte, paro-vos sinal", Afonso X,https://cantigas.fcsh.unl.pt/cantiga.asp?cdcant=491&nl=19&tr=3&pv=sim,"   (Linha 19): E por en, Dom Pedr', em Vila Real,"
Vilanansur,,,,,
Vilar de Paos,,"Ansur Moniz, muit'houve gram pesar", Afonso X,https://cantigas.fcsh.unl.pt/cantiga.asp?cdcant=486&nl=18&tr=3&pv=sim,   (Linha 18): e Vilar de Paos ar foi comprar
Viveiro,,Que muito mi de Fernam Diaz praz, Pero Garcia Burgalês,https://cantigas.fcsh.unl.pt/cantiga.asp?cdcant=1410&nl=10&tr=3&pv=sim,"   (Linha 10): o fez el-rei meirinho, dês Viveiro"
Zamora,,Conhocedes a donzela, Afonso Sanches,https://cantigas.fcsh.unl.pt/cantiga.asp?cdcant=389&nl=26&tr=3&pv=sim,"   (Linha 26): d'acolá bem de Zamora,"
